likes,body,url
1997,"–ß–µ—Ç–≤—ë—Ä—Ç–æ–µ –∏–∑–º–µ—Ä–µ–Ω–∏–µ –ø—Ä–µ–¥—Å—Ç–∞–≤–∏—Ç—å —Å–µ–±–µ –Ω–µ–≤–æ–∑–º–æ–∂–Ω–æ. –õ–∏—á–Ω–æ —è —Å —Ç—Ä—É–¥–æ–º –ø—Ä–µ–¥—Å—Ç–∞–≤–ª—è—é —Å–µ–±–µ –¥–∞–∂–µ —Ç—Ä—ë—Ö–º–µ—Ä–Ω–æ–µ –ø—Ä–æ—Å—Ç—Ä–∞–Ω—Å—Ç–≤–æ!

‚Äî –°—Ç–∏–≤–µ–Ω –•–æ–∫–∏–Ω–≥",https://sun1-23.userapi.com/c857520/v857520908/14e46f/Nu9TFwA_P-Y.jpg
505,—Ç—Ä–∏ –º–µ—Å—è—Ü–∞ –Ω–µ –º—ã–ª –ª–æ–∂–∫—É,https://sun1-22.userapi.com/c205124/v205124747/3a968/NrdpTXgesDo.jpg
1001,–Ω—É –¥–µ–ª–∞,https://sun1-47.userapi.com/c857320/v857320267/b1f0c/atRfBxr9J6g.jpg
479,—Ñ—Ñ—Ñ—Ä–∏—Å—Ç–∞–π–ª–æ –æ—Å—Ç–∞–µ—Ç—Å—è –Ω–∞–≤—Å–µ–≥–¥–∞,https://sun1-22.userapi.com/c854424/v854424116/1d268d/HDuiaskJ8WA.jpg
818,–º–æ–π –ø–∞–ø–∞,https://sun1-23.userapi.com/c858024/v858024472/153cd6/YbF5favkjBA.jpg
493,,https://sun1-17.userapi.com/c858124/v858124447/1556f6/Jh6Gg7nGS2I.jpg
684,ü§î,https://sun1-23.userapi.com/c204724/v204724489/38d1c/phd4uIx-kdQ.jpg
727,,https://sun1-30.userapi.com/c854428/v854428672/1d02d5/YhdMrN-uLSw.jpg
338,,https://sun1-86.userapi.com/c855720/v855720823/1cecdb/FCVbMaAT2T4.jpg
605,,https://sun1-98.userapi.com/c857732/v857732140/1457ed/OEnsJCkb-Gs.jpg
849,,https://sun9-42.userapi.com/c855436/v855436743/1cb8f6/4slzNoajGAg.jpg
748,,https://sun1-86.userapi.com/c857228/v857228896/ae4a6/QctgmlecywU.jpg
922,,https://sun1-14.userapi.com/c854016/v854016646/1cfb1b/EjxRLWMmtJo.jpg
660,—Ç–∞–π–Ω–∞—è –∫–æ–º–Ω–∞—Ç–∞,https://sun1-99.userapi.com/c857228/v857228896/ae494/fiTbAW0iuMM.jpg
880,"–£–ª–∏—á–Ω—ã–º —Ö—É–¥–æ–∂–Ω–∏–∫–∞–º –∏–∑ –ü–µ—Ç–µ—Ä–±—É—Ä–≥–∞ —É–∂–µ 3 —Ä–∞–∑–∞ –ø—Ä–∏—à–ª–æ—Å—å –ø–æ–¥–ø–∏—Å—ã–≤–∞—Ç—å –ø–∞–º—è—Ç–Ω–∏–∫, –ø–æ—Å–ª–µ –≤–∞–Ω–¥–∞–ª–∏–∑–º–∞ –∫–æ–º–º—É–Ω–∞–ª—å–Ω—ã—Ö —Å–ª—É–∂–±",https://sun1-16.userapi.com/c854120/v854120015/1c2f59/f2at2J4_oJs.jpg
741,,https://sun1-27.userapi.com/c857228/v857228896/ae48d/zju2OcRL_4g.jpg
680,"–î–æ–≤—ã–ø–µ–Ω–¥—Ä–∏–≤–∞–ª—Å—è, —Å—É–ø–µ—Ä–º–µ–Ω",https://sun9-6.userapi.com/c205516/v205516976/384d8/j7PGuERu5gU.jpg
517,,https://sun1-98.userapi.com/c856120/v856120873/1c7003/ZsqycADcwS4.jpg
285,,https://sun1-27.userapi.com/c635104/v635104856/4eda1/5uzMoxskWdw.jpg
556,–∫–≤–∞–¥—Ä–∞—Ç —Å–æ–±–∞–∫–µ–≤–∏—á–∞,https://sun1-98.userapi.com/c857228/v857228195/b059e/mdlmLpthGsg.jpg
659,,https://sun1-86.userapi.com/c855132/v855132889/1cd0d4/l8rooG0AIDs.jpg
736,,https://sun1-21.userapi.com/c857228/v857228896/ae485/EAH7OAGJ4UA.jpg
871,,https://sun1-99.userapi.com/c205816/v205816743/2db97/oIZJYrjZrKY.jpg
1436,–∫–∞–∫ –≤–µ–∂–ª–∏–≤–æ –æ—Ç–∫–∞–∑–∞—Ç—å—Å—è,https://sun1-18.userapi.com/c854324/v854324250/1ce2f3/qtDHlQ1BR_E.jpg
1595,–ê–Ω–∞—Ä—Ö–∏—è,https://sun1-90.userapi.com/c205128/v205128941/3b021/la5eFSt2n7o.jpg
677,"–∫–∞–∫ —Ç–µ–±–µ —Ç–∞–∫–æ–µ, –ò–ª–æ–Ω –ú–∞—Å–∫?",https://sun1-84.userapi.com/c858524/v858524896/ace98/NUt-BS2N2dU.jpg
1112,,https://sun1-17.userapi.com/c854524/v854524210/1bf55f/C9e6CewDw7Y.jpg
640,–∫–∞–∫ –Ω–∞–∑—ã–≤–∞–µ—Ç—Å—è —ç—Ç–æ –∂–∏–≤–æ—Ç–Ω–æ–µ?,https://sun1-87.userapi.com/c854128/v854128016/1ca8ae/EvPj1yWaY-g.jpg
1041,–ö–∞–∫ —Å–∫–∞–∑–∞—Ç—å –µ—Å–ª–∏ —Ç–≤–æ—è –∫–æ—à–∫–∞ –∑–∞–¥—É–º–∞–ª–∞ —É–±–∏—Ç—å —Ç–µ–±—è,https://sun1-29.userapi.com/c206816/v206816410/39ba6/_APOSgmFMWc.jpg
1636,,https://sun1-24.userapi.com/c204616/v204616221/3ac64/Vpq9rCl9kRc.jpg
685,–ü—É–ø–æ–∫ - —ç—Ç–æ –≤–∞—à –±—ã–≤—à–∏–π —Ä–æ—Ç. –°–ø–æ–∫–æ–π–Ω–æ–π –Ω–æ—á–∏,https://sun1-24.userapi.com/c204616/v204616221/3ac64/Vpq9rCl9kRc.jpg
571,,https://sun1-25.userapi.com/c200328/v200328567/38028/DfUrdzyP0mo.jpg
547,,https://sun1-84.userapi.com/c857432/v857432657/13edec/TSIlRPi-jXA.jpg
360,–∫–∞–∫–æ–π –∫–ª—é—á –∫ —Å–µ—Ä–¥—Ü—É –∂–µ–Ω—â–∏–Ω—ã?,https://sun9-46.userapi.com/c856032/v856032579/1c8299/XNaIt_C-szA.jpg
1121,–¥–µ—Ç–µ–Ω—ã—à –ø–∞–Ω–µ–ª—å–∫–∏,https://sun1-90.userapi.com/c854320/v854320982/1c4bb7/StrJ7PpYmdo.jpg
705,"–ø—Ä–∏—Ö–æ–¥–∏—Ç–µ –≤ –º–æ–π –¥–æ–º, –º–æ–∏ –¥–≤–µ—Ä–∏ –æ—Ç–∫—Ä—ã—Ç—ã",https://sun1-27.userapi.com/c855228/v855228815/1ccff6/paS45AgRD2U.jpg
580,,https://sun9-22.userapi.com/c204724/v204724102/38c63/WLUoTGa27G4.jpg
1809,"—Å—Ç–∞–≤—å —Ç—Ä–∞–º–≤–∞–π, –µ—Å–ª–∏ —Å–æ–≥–ª–∞—Å–µ–Ω",https://sun9-65.userapi.com/c205724/v205724737/3831a/AJOkCNBNGcs.jpg
1265,—Å–∞–º–∫–∞ –≤–µ–ª–∫–æ–ø–æ–ø–æ–≤–µ—Ü–∫–æ–≥–æ –∫–æ–∑–µ–ª–∞ –∑–∞—â–∏—â–∞–µ—Ç —Å–≤–æ–∏—Ö –¥–µ—Ç—ë–Ω—ã—à–µ–π,https://sun1-14.userapi.com/c204628/v204628767/3663e/Yih-gctJxGA.jpg
1139,,https://sun9-30.userapi.com/c205616/v205616544/38375/YORhJ4Ms9kI.jpg
876,–≤—Å–µ –≤—Å—Ç–∞–ª–æ –Ω–∞ —Å–≤–æ–∏ –º–µ—Å—Ç–∞,https://sun1-29.userapi.com/c858036/v858036431/14cb46/IRuExopy9xY.jpg
1282,,https://sun1-30.userapi.com/c205228/v205228931/36045/s_aEE0u_gl0.jpg
933,—Ö—Ç–æ —è?,https://sun9-52.userapi.com/c858220/v858220568/14b1f4/9WFXJG9oqXo.jpg
1121,–∏–∑–≥–∏–± –∫–æ—Ç—è—Ä—ã —á—ë—Ä–Ω–æ–π —Ç—ã –æ–±–Ω–∏–º–∞–µ—à—å –Ω–µ–∂–Ω–æ,https://sun1-30.userapi.com/c205620/v205620725/38376/HGyE-XTyn84.jpg
1285,,https://sun1-17.userapi.com/c204628/v204628501/38380/KO7dxVbQIlI.jpg
2123,–Ω–µ –ø–æ—Å–ø–æ—Ä–∏—à—å,https://sun1-29.userapi.com/c853620/v853620007/1ca8e9/KR5vdHUp3aA.jpg
5076,—Å–ø–æ—Å–æ–± –∫–∞–∫ –±—ã—Å—Ç—Ä–æ –∑–∞—Ä–∞–±–æ—Ç–∞—Ç—å –¥–µ–Ω–µ–≥,https://sun1-84.userapi.com/c204520/v204520359/37d68/2ApYnk3_OT8.jpg
791,,https://sun9-45.userapi.com/c858128/v858128173/14b2da/bCdmQzJbrvM.jpg
540,,https://sun9-40.userapi.com/c635104/v635104770/5c2d7/IA9vHEjfnhk.jpg
3028,,https://sun1-84.userapi.com/c857136/v857136443/ab768/9xlS3PdDTSs.jpg
1002,,https://sun1-21.userapi.com/c856136/v856136043/1acbfa/gRMJnig4_Wo.jpg
1126,"—Å–ø–æ–∫–æ–π–Ω–æ–π –Ω–æ—á–∏, –º–∞–ª—ã—à–∏",https://sun1-91.userapi.com/c858524/v858524322/ac001/hcv6hw8Z6Mw.jpg
835,,https://sun9-56.userapi.com/c856136/v856136043/1acbf2/LHun3MoAh9U.jpg
1053,,https://sun1-30.userapi.com/c855416/v855416102/1c8e19/ZZ_0yaHI0h8.jpg
945,,https://sun9-48.userapi.com/c856136/v856136043/1acbeb/jE-dRnRYCaI.jpg
475,,https://sun9-45.userapi.com/c635104/v635104934/51bc9/Ab6sXEjhqec.jpg
642,,https://sun1-89.userapi.com/c856136/v856136043/1acbe3/IMePtl3Bbos.jpg
967,,https://sun9-22.userapi.com/c200716/v200716573/362e7/qfdrwAac_xE.jpg
843,,https://sun9-41.userapi.com/c856136/v856136043/1acbdc/uqNostIbQsE.jpg
341,,https://sun9-32.userapi.com/c205716/v205716273/36c84/Nba-Fc9lJtI.jpg
884,,https://sun9-31.userapi.com/c856136/v856136043/1acbca/26crNVLZ70E.jpg
1386,,https://sun9-72.userapi.com/c857016/v857016799/a75ed/zoc8SgQtIzA.jpg
797,,https://sun9-29.userapi.com/c856136/v856136043/1acbb8/73Mci_c8Ccc.jpg
3182,–±–µ–∫–æ–Ω —Ä–∞—Å—Ç–≤–æ—Ä–∏–ª—Å—è –≤ –ø—Ä–æ—Å—Ç—Ä–∞–Ω—Å—Ç–≤–µ–Ω–Ω–æ-–≤—Ä–µ–º–µ–Ω–Ω–æ–º –∫–æ–Ω—Ç–∏–Ω—É—É–º–µ,https://sun1-18.userapi.com/c856124/v856124567/1c8098/3dh8KNzjk2w.jpg
553,,https://sun1-28.userapi.com/c855216/v855216656/1ca09b/awbSvT4L7lY.jpg
610,,https://sun9-32.userapi.com/c857424/v857424181/14c0bd/sP9fGCYCs6A.jpg
2911,–º–æ—Ä—Å–∫–∏–µ –∑–≤–µ–∑–¥—ã –∏ –∏—Ö –ø–æ–ø–∫–∏,https://sun1-22.userapi.com/c206724/v206724224/36cbd/BtRbmFwiXIU.jpg
687,—Ñ–æ–∫—É—Å,https://sun1-22.userapi.com/c206724/v206724224/36cbd/BtRbmFwiXIU.jpg
1021,,https://sun9-51.userapi.com/c855136/v855136168/1c3777/Na3a87WjMrU.jpg
583,–æ–±—ã—á–Ω—ã–π –æ—Ñ–∏—Å –≤ –ú–æ—Å–∫–≤–µ,https://sun9-127.userapi.com/c200828/v200828492/3679e/7QaO_p7Ye_8.jpg
594,,https://sun1-97.userapi.com/c858424/v858424329/13e3da/w6qUu8jGRRs.jpg
917,,https://sun9-8.userapi.com/c857528/v857528821/149648/-eoDVWuafNE.jpg
653,,https://sun9-23.userapi.com/c204728/v204728392/35e1b/hxt6wHS9DxI.jpg
1281,–†–æ—Å—Å–∏–π—Å–∫–∞—è –ø–æ–ª–∏—Ü–∏—è –∑–∞–¥–µ—Ä–∂–∏–≤–∞–µ—Ç –∞–≤—Å—Ç—Ä–∞–ª–∏–π—Å–∫–æ–≥–æ —Ç—É—Ä–∏—Å—Ç–∞,https://sun9-53.userapi.com/c855432/v855432790/1c317f/VfTvOW1k8LM.jpg
982,–£ –≤–∞—Å —Ç–æ–∂–µ –µ—Å—Ç—å –∑–¥–µ—Å—å —Ä–æ–¥–∏–Ω–∫–∞?,https://sun1-26.userapi.com/c857228/v857228083/a838e/nWR8AxRLEp0.jpg
618,,https://sun9-14.userapi.com/c200820/v200820682/32ca5/_QXa1pJdniQ.jpg
482,–ü–∞—É–∫—à—Ç–æ,https://sun9-72.userapi.com/c855424/v855424195/1cbe85/2R0AIjAzQNU.jpg
710,"–ó–∞—Ö–æ–∂—É —è –∑–Ω–∞—á–∏—Ç –≤ –∞—É–¥–∏—Ç–æ—Ä–∏—é, –∞ —Ç–∞–º —Ç–∞–∫–æ–µ",https://sun9-9.userapi.com/c856124/v856124390/1cacf6/m_ToObNBSpM.jpg
1031,,https://sun9-15.userapi.com/c858432/v858432370/147e54/PgSk6HHpIsg.jpg
719,–≤—ã —Å–∏–¥–∏—Ç–µ –≤ —Ç–µ–ª–µ–≥–µ?,https://sun9-42.userapi.com/c855720/v855720779/1c6d42/wIKzhHuvS_0.jpg
1980,,https://sun9-37.userapi.com/c206524/v206524735/342ee/wpKH38Gd_ac.jpg
467,—Ä–µ–∫—É—Ä—Å–∏–≤–Ω—ã–π —Ç—Ä–∞–∫—Ç–æ—Ä,https://sun9-127.userapi.com/c206728/v206728047/3467f/VsjmvC-iZ8Y.jpg
1199,,https://sun9-13.userapi.com/c858136/v858136663/140c35/UHYf1hWQP0c.jpg
1418,–≠—Ç–æ—Ç —á–µ–ª–æ–≤–µ–∫ –ø—ã—Ç–∞–ª—Å—è —Ä–∞–∑–±–ª–æ–∫–∏—Ä–æ–≤–∞—Ç—å –≤–∞—à —Ç–µ–ª–µ—Ñ–æ–Ω,https://sun1-95.userapi.com/c855528/v855528146/1c6ea1/MLIhGizBzvA.jpg
342,,https://sun9-28.userapi.com/c206628/v206628489/34135/dDx_Q_-DUGA.jpg
1282,,https://sun9-48.userapi.com/c854416/v854416375/1c8c02/7o1zt4GCOqE.jpg
631,,https://sun9-13.userapi.com/c855220/v855220727/1c7d47/0mdkZRiyoDE.jpg
2331,—á—Ç–æ-—Ç–æ —Ç—É—Ç –Ω–µ —Ç–∞–∫,https://sun9-23.userapi.com/c856124/v856124105/1c2b01/jpzw6WjGubg.jpg
1250,,https://sun9-35.userapi.com/c204528/v204528223/34856/h1Gzl_L2Q_A.jpg
1320,,https://sun9-33.userapi.com/c854224/v854224084/1ca1a0/l6lyzPHJAhc.jpg
2848,,https://sun9-2.userapi.com/c854328/v854328818/1bddc9/8FldjFlo_3M.jpg
412,,https://sun1-14.userapi.com/c855332/v855332715/1c84ae/ZqcLXwwmN10.jpg
1058,,https://sun9-47.userapi.com/c855120/v855120420/1ca4df/KPot2rBFIZM.jpg
805,,https://sun9-57.userapi.com/c855536/v855536396/1bf2bb/Q6TiKLE1-_4.jpg
492,–ü–æ–µ–∑–¥–∞ - —ç—Ç–æ –≥–æ—Ä–∏–∑–æ–Ω—Ç–∞–ª—å–Ω—ã–µ –ª–∏—Ñ—Ç—ã,https://sun9-57.userapi.com/c855536/v855536396/1bf2bb/Q6TiKLE1-_4.jpg
1251,–Ω–∞ —ç–∫–∑–∞–º–µ–Ω,https://sun9-31.userapi.com/c857416/v857416689/14b8a6/Tf7hWhP39KE.jpg
770,,https://sun9-14.userapi.com/c858032/v858032895/14eb8f/BkMisePPKC8.jpg
2186,–µ–ø—Ç–µ—Ä–±—É—Ä–≥,https://sun9-127.userapi.com/c857416/v857416689/14b89c/HVPkAsbmT9E.jpg
641,,https://sun9-59.userapi.com/c858032/v858032895/14eb86/XTNvjNjT05Q.jpg
1374,,https://sun9-56.userapi.com/c857416/v857416689/14b893/5AIBSjzOtUY.jpg
692,,https://sun9-20.userapi.com/c858032/v858032895/14eb7d/8I0X5_jn_Yk.jpg
1665,—á—Ç–æ —à–µ—Å—Ç–æ–µ?,https://sun9-49.userapi.com/c857416/v857416689/14b889/4dwoRHGDYC4.jpg
930,,https://sun9-67.userapi.com/c858032/v858032895/14eb6a/mn64cqiD2Aw.jpg
615,,https://sun9-32.userapi.com/c858236/v858236423/14b0a4/RXsGzPAOspo.jpg
701,,https://sun9-34.userapi.com/c858032/v858032528/14ccde/He7dMgXMSZQ.jpg
429,,https://sun9-26.userapi.com/c857024/v857024890/4139f/c_CTWRMZyGo.jpg
1381,,https://sun9-37.userapi.com/c854016/v854016528/1c648f/coxLSR-Hj9U.jpg
1639,,https://sun9-41.userapi.com/c200820/v200820676/32905/o6PFpzxSBt0.jpg
599,,https://sun9-51.userapi.com/c858220/v858220067/142fc6/PRHg_vV6xoU.jpg
980,–ø—Ä–æ—Å—Ç–æ –ø–æ–ª,https://sun9-33.userapi.com/c858524/v858524602/a9b64/YI5HJBiDK2Q.jpg
798,,https://sun9-70.userapi.com/c206620/v206620753/326cd/3NQsxg_qkss.jpg
635,,https://sun9-12.userapi.com/c854324/v854324283/1c94a9/VbA0Qe-imRU.jpg
1227,,https://sun9-7.userapi.com/c858532/v858532587/aa6b2/T89GGpqN_9U.jpg
1271,,https://sun9-34.userapi.com/c854324/v854324689/1c6e58/GSfQvj6zCr0.jpg
2420,,https://sun9-64.userapi.com/c857732/v857732708/13df9b/3PeLqd9OV7Q.jpg
1963,"–ú–∞–ª—å—á–∏–∫–∏ –º–µ—á—Ç–∞—é—Ç –æ –∫–æ—Å–º–æ—Å–µ, –¥–æ—Ä–æ–≥–∏—Ö –º–∞—à–∏–Ω–∞—Ö –∏ –≤–∑—è—Ç–∏–∏ –ò–µ—Ä—É—Å–∞–ª–∏–º–∞.",https://sun9-58.userapi.com/c205516/v205516900/31ebd/LOhaEpZaLYM.jpg
2758,,https://sun9-30.userapi.com/c206724/v206724001/30ed1/dDEqUk4O8II.jpg
2001,,https://sun9-127.userapi.com/c857736/v857736819/148e4f/_3Dkk6FiPQ0.jpg
676,–ø–æ—á–µ–º—É –æ–ø–æ–∑–¥–∞–ª–∏?,https://sun9-22.userapi.com/c856128/v856128228/1c28dc/osTpuOoZvEQ.jpg
904,–∫–æ–≥–¥–∞ –ø–æ–∫—É–ø–∞–µ—à—å –¥—Ä—É–∑—å—è–º —à–∞–≤–µ—Ä–º—É,https://sun9-29.userapi.com/c855532/v855532438/1c4109/SX7M0436NuQ.jpg
967,–∫–æ–≥–¥–∞ —Å—ä–µ–ª –±–æ–ª—å—à–æ–π –≥—Ä–∏–±,https://sun9-36.userapi.com/c205520/v205520675/31d0c/zFOg1PoaGiY.jpg
625,–ö—Ä–æ–∫–æ–¥–∏–ª —Ö–æ–¥–∏—Ç –ª–µ–∂–∞,https://sun9-36.userapi.com/c205520/v205520675/31d0c/zFOg1PoaGiY.jpg
983,,https://sun9-60.userapi.com/c855536/v855536228/1bb1cf/J2msUJjXY94.jpg
920,,https://sun9-40.userapi.com/c855536/v855536228/1bb223/_pRl3yCo8B8.jpg
833,,https://sun1-89.userapi.com/c855536/v855536228/1bb1c6/vNgy8OBIg5s.jpg
769,,https://sun9-17.userapi.com/c855536/v855536228/1bb211/Td9H6EBeBMo.jpg
1037,666,https://sun9-34.userapi.com/c855536/v855536228/1bb1b5/dVFb_P0VVD0.jpg
1618,,https://sun9-18.userapi.com/c855536/v855536228/1bb208/zVIVQTt-sWE.jpg
844,,https://sun9-71.userapi.com/c855536/v855536228/1bb1ae/fxBy84ph3Zg.jpg
666,,https://sun9-1.userapi.com/c855536/v855536228/1bb200/Ti5hVJRHySI.jpg
1152,,https://sun9-14.userapi.com/c855536/v855536228/1bb1a7/1yGyRPVFg2o.jpg
995,,https://sun9-17.userapi.com/c855536/v855536228/1bb1f8/19XVkyIugI4.jpg
816,,https://sun9-13.userapi.com/c855136/v855136246/1b7f53/v9d5UxwLtHo.jpg
2388,,https://sun9-53.userapi.com/c855328/v855328632/1cba0e/lb2H8ovW4ms.jpg
894,,https://sun9-18.userapi.com/c855536/v855536228/1bb1ef/NZcHawtiO8I.jpg
1946,,https://sun9-69.userapi.com/c856524/v856524165/a6345/h4tSmIpO1Ks.jpg
677,,https://sun9-36.userapi.com/c855536/v855536228/1bb1e8/CH8XNvEQKc4.jpg
5818,–ß–µ–ª–æ–≤–µ–∫ –∏–∑–±–µ–≥–∞–µ—Ç –≥–µ–∏-–ª–µ—Å—Ç–Ω–∏—Ü—É,https://sun9-66.userapi.com/c855528/v855528625/1bc141/_2-k34PoRXU.jpg
473,,https://sun9-1.userapi.com/c855536/v855536228/1bb1df/P8ShNMYXuak.jpg
946,,https://sun9-69.userapi.com/c854420/v854420511/1c4cf6/nSKbvtnD4i0.jpg
2147,,https://sun9-6.userapi.com/c855536/v855536228/1bb1d6/oI8NIf8-Lsk.jpg
1793,"–ö–æ–Ω–¥–∏—Ü–∏–æ–Ω–µ—Ä –≤–∫–ª—é—á–µ–Ω, —É –Ω–µ–≥–æ –µ—Å—Ç—å –≤–æ–¥–∞ –∏ –æ–Ω —Å–ª—É—à–∞–µ—Ç –ª—é–±–∏–º—É—é –º—É–∑—ã–∫—É",https://sun9-43.userapi.com/c853524/v853524016/1c1bc7/XyDFyN1gmhA.jpg
1969,,https://sun9-62.userapi.com/c856120/v856120085/1b2d57/M3xherJx1r8.jpg
1461,—ç–≤–æ–ª—é—Ü–∏—è –≤–æ–µ–Ω–Ω–æ–π —É–Ω–∏—Ñ–æ—Ä–º—ã,https://sun9-70.userapi.com/c205524/v205524636/2fb6d/p3ZJrQjsUu8.jpg
1516,,https://sun9-15.userapi.com/c857036/v857036513/3b003/pI52KvXL2F0.jpg
1792,,https://sun9-69.userapi.com/c856524/v856524714/a872e/v9mUTA1I3T8.jpg
647,,https://sun9-3.userapi.com/c205816/v205816822/243f4/W8XY8svhOlQ.jpg
557,,https://sun1-83.userapi.com/c858416/v858416306/13e49c/6gAmjnjAsWE.jpg
672,–∑–∞–±—ã–ª –∫–∞–∫ —Ä–∞–±–æ—Ç–∞—Ç—å,https://sun9-55.userapi.com/c858236/v858236399/142696/IAuRoRhj1K4.jpg
2183,,https://sun9-21.userapi.com/c204528/v204528458/2e2cb/lT-zN7puVxU.jpg
688,,https://sun9-9.userapi.com/c206820/v206820951/2f8a8/IzRno2O_EYQ.jpg
771,,https://sun9-17.userapi.com/c206724/v206724399/2f0c9/CffePBvVAnE.jpg
1363,–º–æ–∂–Ω–æ –∏ –∑–∞–ø—É—Ç–∞—Ç—å—Å—è,https://sun9-6.userapi.com/c200320/v200320149/3016d/t2VZdYZUhPc.jpg
1268,–≤–æ—Ç –∏–∑-–∑–∞ –∫–æ–≥–æ –±–µ–¥—ã,https://sun9-24.userapi.com/c200524/v200524509/2f975/6M8BHxCihUk.jpg
2140,,https://sun9-46.userapi.com/c857720/v857720447/145722/RklKlWbwzFU.jpg
652,,https://sun9-42.userapi.com/c857036/v857036587/3c6e9/jhi-wZQUo6M.jpg
1056,–ª—é–±–æ–≤—å,https://sun9-7.userapi.com/c854020/v854020110/1c0367/JIsxvkydF3Q.jpg
487,,https://sun9-8.userapi.com/c855436/v855436317/1bab76/nmArZlS0QXs.jpg
1646,,https://sun9-34.userapi.com/c855636/v855636573/1bf6df/UIikZrLwMEQ.jpg
802,,https://sun9-33.userapi.com/c858336/v858336229/140354/imvnRgeQj10.jpg
1112,,https://sun9-7.userapi.com/c856128/v856128628/1ca5a3/HidTo5wTGSA.jpg
2047,,https://sun1-23.userapi.com/c857636/v857636362/139eb8/5XMff-IXlc4.jpg
1830,,https://sun9-66.userapi.com/c855524/v855524654/1c1127/eWStJzcwGN8.jpg
1223,,https://sun9-40.userapi.com/c857636/v857636362/139eae/-7wawmx69hA.jpg
839,,https://sun9-10.userapi.com/c204816/v204816396/2e75f/RhtuLnyr2ig.jpg
929,,https://sun9-23.userapi.com/c857636/v857636362/139ea5/1ilaSpMIWQQ.jpg
415,,https://sun9-68.userapi.com/c856524/v856524497/a2cbf/10ZTfQY6vlw.jpg
904,,https://sun9-55.userapi.com/c857636/v857636362/139e9c/LMdRfF8pFPU.jpg
1161,,https://sun9-36.userapi.com/c855020/v855020619/1bd690/GR8RFgRWzpk.jpg
733,,https://sun9-66.userapi.com/c857636/v857636362/139e93/wfnixAkt4UU.jpg
874,,https://sun1-95.userapi.com/c204828/v204828758/2e252/CXm8Y7LNuio.jpg
710,,https://sun9-62.userapi.com/c857636/v857636362/139e8a/rmjPHta0fW4.jpg
2603,,https://sun9-50.userapi.com/c855724/v855724360/1c04d3/R5NvvvfWWsg.jpg
1436,,https://sun9-66.userapi.com/c857636/v857636362/139e80/lL2TY8BoO70.jpg
1136,,https://sun9-36.userapi.com/c200428/v200428992/2de96/PUGW2r7r3Ag.jpg
475,,https://sun9-39.userapi.com/c858520/v858520861/a5dc8/iWFS3ha_mKs.jpg
1956,,https://sun9-33.userapi.com/c850608/v850608437/78d91/clbd0TijQvY.jpg
425,,https://sun9-22.userapi.com/c204524/v204524385/2d791/TrIY6nN9VdI.jpg
1001,,https://sun9-18.userapi.com/c204824/v204824829/2ea8d/PsNeijRxcik.jpg
2131,,https://sun9-17.userapi.com/c857332/v857332453/2b612/oakw9DkaGgo.jpg
733,,https://sun9-25.userapi.com/c200624/v200624132/2c588/OVFhmgaR9wo.jpg
1088,,https://sun9-18.userapi.com/c204828/v204828110/2bd46/mSmwOwDhNik.jpg
1437,,https://sun9-64.userapi.com/c205428/v205428656/2ba63/5HA71tWTUj8.jpg
810,,https://sun9-70.userapi.com/c854524/v854524332/1b2601/4ljY-SrQTqQ.jpg
1003,,https://sun9-60.userapi.com/c858224/v858224328/14444d/5NSx_MrWmiQ.jpg
1073,,https://sun9-25.userapi.com/c854424/v854424632/1c4546/Lq4w-NlWoik.jpg
841,,https://sun9-41.userapi.com/c206720/v206720671/2c1b0/R64nzlIQa_8.jpg
716,,https://sun9-22.userapi.com/c855028/v855028524/1bddf5/vfRSsmG2qSo.jpg
77,"–ó–∞—á–µ–º –±–µ—Å–∫–æ–Ω–µ—á–Ω–æ –ø–µ—Ä–µ–ª–∏—Å—Ç—ã–≤–∞—Ç—å —Å—Ç—Ä–∞–Ω–∏—Ü—ã AliExpress –≤ –ø–æ–∏—Å–∫–∞—Ö –∫—Ä—É—Ç—ã—Ö –≥–∞–¥–∂–µ—Ç–æ–≤, –∫–æ–≥–¥–∞ –µ—Å—Ç—å –ú–´ - [club87389803|–°–º–æ—Ç—Ä–∏, —á—Ç–æ —è –Ω–∞—à–µ–ª –Ω–∞ AliExpress] üî•üî•üî•",https://sun9-22.userapi.com/c855028/v855028524/1bddf5/vfRSsmG2qSo.jpg
568,,https://sun9-14.userapi.com/c855520/v855520171/1bd48e/vvpC6uwQTBc.jpg
830,,https://sun9-13.userapi.com/c857416/v857416123/147693/jHYlq4XB0JY.jpg
644,,https://sun9-46.userapi.com/c858228/v858228464/1354e6/nQanlsQp6LM.jpg
1054,,https://sun9-24.userapi.com/c855532/v855532209/1be7a6/KQI931k_Q-c.jpg
1592,,https://sun9-66.userapi.com/c206616/v206616029/2b283/yO-6KY6ta1g.jpg
1081,,https://sun9-22.userapi.com/c854228/v854228005/1bf495/Mfr3nWN55Q4.jpg
1155,,https://sun9-6.userapi.com/c857436/v857436791/141426/OhPsd6wE8wA.jpg
1016,,https://sun9-66.userapi.com/c206528/v206528561/2a0d9/TttqW07WLQ4.jpg
1614,üòí,https://sun9-29.userapi.com/c855436/v855436731/1be44e/roUnwJZs1k8.jpg
1385,,https://sun9-58.userapi.com/c856028/v856028864/166c06/zn9OK1anOpI.jpg
840,,https://sun9-1.userapi.com/c204520/v204520290/2b645/e9n5_fRysuQ.jpg
2190,,https://sun9-15.userapi.com/c854028/v854028483/1b85df/SRs83c5Z7As.jpg
516,,https://sun9-33.userapi.com/c855224/v855224842/1b7335/jBEcyu7UJXU.jpg
2113,,https://sun9-31.userapi.com/c857120/v857120069/a7ee8/gfpyAYQ8ICo.jpg
1065,,https://sun9-51.userapi.com/c200716/v200716113/2ac1b/K4sAjqDGYNA.jpg
580,,https://sun9-41.userapi.com/c854528/v854528130/1c0f94/SV2nxQNug-A.jpg
700,2 –º–µ—Å—Ç–∞,https://sun9-58.userapi.com/c206524/v206524564/2c54e/4sE5Zr9ThF8.jpg
674,,https://sun9-14.userapi.com/c858036/v858036846/13cfd0/qfN-HEUAACk.jpg
1961,–Ω–µ —Å–µ–≥–æ–¥–Ω—è,https://sun9-56.userapi.com/c857524/v857524113/133bce/t9tgYAXqDgM.jpg
3472,,https://sun9-66.userapi.com/c858136/v858136024/135d15/xe4GRkAHYxk.jpg
1458,,https://sun1-24.userapi.com/c854128/v854128510/1bb052/KQWES7tdZGg.jpg
971,,https://sun9-15.userapi.com/c858424/v858424356/132880/9FBFjBS0YJQ.jpg
1657,,https://sun9-44.userapi.com/c858228/v858228482/12fb1d/h95nBk1i-ws.jpg
2598,,https://sun9-13.userapi.com/c855136/v855136550/1ae543/OPs4txhXFcM.jpg
928,,https://sun9-35.userapi.com/c205224/v205224686/2c9b5/x4_JFNokjLA.jpg
1291,,https://sun9-32.userapi.com/c857024/v857024345/39c74/7XTRuiqFcW8.jpg
1148,,https://sun9-4.userapi.com/c855732/v855732801/1b82b1/XzIEhEirXhU.jpg
1180,,https://sun9-54.userapi.com/c854016/v854016256/1bdfcf/XD_y_8JwDFs.jpg
997,–ø–æ–¥ –æ—Ö—Ä–∞–Ω–æ–π,https://sun9-2.userapi.com/c206616/v206616194/2ae22/vjLZi8yJ9xc.jpg
1125,,https://sun9-57.userapi.com/c857120/v857120676/9ef2e/S8B-62LIutg.jpg
2620,,https://sun9-32.userapi.com/c200724/v200724549/2a77d/u8o5--EgUyo.jpg
1287,,https://sun9-42.userapi.com/c204828/v204828034/29fb2/W25KtybhC4c.jpg
1222,,https://sun9-50.userapi.com/c854520/v854520968/1bf9ea/TMSJIGF9HAg.jpg
705,,https://sun9-39.userapi.com/c206616/v206616455/29c32/FjGRraI3-0E.jpg
888,,https://sun9-69.userapi.com/c857216/v857216685/a2bde/w7EMDWtn2eY.jpg
1332,,https://sun9-13.userapi.com/c857320/v857320768/9d3c6/rwJ1jsPx3KA.jpg
563,–ù–∞–¥–ø–∏—Å—å –Ω–∞ –¥–æ—Ä–æ–≥–µ –≤ –°–º–æ–ª–µ–Ω—Å–∫–æ–π –æ–±–ª–∞—Å—Ç–∏:),https://sun9-66.userapi.com/c200416/v200416730/29eee/NlbiB9T1Zoo.jpg
287,,https://sun9-4.userapi.com/c858420/v858420672/13fe89/JQyg02SD7JY.jpg
745,,https://sun9-66.userapi.com/c206728/v206728857/24fd0/S_52MPN7rpo.jpg
1961,,https://sun9-16.userapi.com/c856036/v856036284/1b797e/fDMIcrhSyNE.jpg
2323,,https://sun9-57.userapi.com/c858120/v858120703/140779/LzB-xdGU_JQ.jpg
1190,,https://sun9-7.userapi.com/c856132/v856132519/1a70c8/tdGLkEyKRbU.jpg
540,,https://sun9-7.userapi.com/c858236/v858236732/14150c/zoiWHgh8qtI.jpg
689,,https://sun9-67.userapi.com/c854420/v854420586/1b8e0d/z57IKude5G8.jpg
2257,,https://sun9-26.userapi.com/c853528/v853528786/1af61d/HGW1RXec5Bk.jpg
1437,,https://sun9-21.userapi.com/c855420/v855420568/1b51fe/m-zf4wL42Mo.jpg
667,,https://sun9-30.userapi.com/c855420/v855420568/1b51eb/yOVVv7POzsg.jpg
2567,,https://sun9-26.userapi.com/c855420/v855420568/1b51e2/nV9y9n0cSdw.jpg
986,,https://sun9-35.userapi.com/c857736/v857736327/13c219/TJmNmtPNJyc.jpg
951,,https://sun9-60.userapi.com/c855420/v855420568/1b51c8/H-Zv63RPOzc.jpg
826,,https://sun9-41.userapi.com/c206728/v206728918/2599e/7n3j3fwuuuU.jpg
918,,https://sun9-66.userapi.com/c855420/v855420568/1b51be/4_TpjrxACoQ.jpg
3112,,https://sun9-10.userapi.com/c855420/v855420568/1b51ad/-Y_wC1wNEsA.jpg
2870,,https://sun9-1.userapi.com/c855724/v855724574/1b9da2/NzZFDmfJcCw.jpg
2398,,https://sun9-67.userapi.com/c850608/v850608134/70689/wNcJXS6z_Uk.jpg
4366,,https://sun9-64.userapi.com/c857532/v857532585/1359be/7RbyPb4NrQs.jpg
1069,—á—Ç–æ –≤—á–µ—Ä–∞ –±—ã–ª–æ?,https://sun9-30.userapi.com/c204820/v204820921/268ec/B2UX9FjmS0o.jpg
595,,https://sun9-7.userapi.com/c853520/v853520330/1b8147/yYCllorWyyM.jpg
472,,https://sun9-2.userapi.com/c635104/v635104276/5333e/8aoB22k0_QY.jpg
1215,1 —è–Ω–≤–∞—Ä—è,https://sun9-44.userapi.com/c854120/v854120469/1b069e/frWQJqB0Nso.jpg
756,31 –¥–µ–∫–∞–±—Ä—è,https://sun9-34.userapi.com/c855228/v855228402/1bc135/lBa4cCXesA4.jpg
772,,https://sun9-37.userapi.com/c855132/v855132929/1b8f5b/DrX3MdRUlFw.jpg
661,,https://sun9-32.userapi.com/c855624/v855624925/1b1369/SQeMCTj59R8.jpg
1089,,https://sun9-62.userapi.com/c635104/v635104407/4cac2/uKvuTbuFGbo.jpg
674,,https://sun9-18.userapi.com/c200828/v200828985/25d9f/Yjk_C_qWg94.jpg
835,,https://sun9-33.userapi.com/c855736/v855736222/1bb9df/uHWpcU8EfLs.jpg
472,,https://sun9-68.userapi.com/c200416/v200416543/24d7b/iDs8rJBXGDQ.jpg
178,–ö–æ–≥–¥–∞ –ø–µ—Ä–µ–µ—Ö–∞–ª –∂–∏—Ç—å –Ω–∞ –ö—É–±–∞–Ω—å,https://sun9-68.userapi.com/c200416/v200416543/24d7b/iDs8rJBXGDQ.jpg
754,–∏–¥–µ–∏ –ø—Ä–∞–∑–¥–Ω–∏—á–Ω–æ–≥–æ —Å—Ç–æ–ª–∞,https://sun9-22.userapi.com/c855436/v855436906/1bccfd/NuaNsVr166A.jpg
807,–Ω–∞—Å—Ç—Ä–æ–µ–Ω–∏–µ 2020,https://sun9-127.userapi.com/c855024/v855024589/1b93da/3zGhCG_RwBE.jpg
1168,,https://sun9-72.userapi.com/c206716/v206716021/26ff2/B-Hu7tCu-Vk.jpg
1561,—Å–µ–π—á–∞—Å –≤ –≤–∞—Å –≤–æ–π–¥–µ—Ç —Ç—Ä–∞–Ω—Å,https://sun1-83.userapi.com/c205524/v205524314/24a7d/wNx5FNnhDxw.jpg
1750,–Ω–æ–≤—ã–π –≥–æ–¥,https://sun1-84.userapi.com/c855724/v855724172/1ba52d/jpleoIPLrPs.jpg
999,,https://sun1-90.userapi.com/c856124/v856124988/1bdccf/yAhqtm7Zxb0.jpg
524,,https://sun9-23.userapi.com/c855524/v855524675/1b513f/6tD4y0XF4VE.jpg
1192,–∂–¥–µ–º –≥–æ—Å—Ç–µ–π,https://sun9-56.userapi.com/c858224/v858224176/13a875/hmQrVmdmcAc.jpg
848,,https://sun9-11.userapi.com/c855636/v855636399/1b1ef0/rDsWIBxNJ0k.jpg
2093,,https://sun9-36.userapi.com/c200620/v200620774/24c18/axR-rfdx-24.jpg
1179,,https://sun9-72.userapi.com/c855132/v855132710/1b6962/qEoQ1B55zJ8.jpg
1452,,https://sun9-58.userapi.com/c858020/v858020710/139ec3/jivrWeI3B24.jpg
512,,https://sun9-15.userapi.com/c630125/v630125486/41fe1/mxfUadr0UlE.jpg
811,–∞–ª–ª–∏–ª—É–π—è,https://sun9-10.userapi.com/c855132/v855132710/1b6973/OHtZtJHbGUw.jpg
622,,https://sun9-12.userapi.com/c855132/v855132710/1b696b/ymnYnVgwVLI.jpg
656,–∫–æ–≥–¥–∞ –Ω–µ–æ–∂–∏–¥–∞–Ω–Ω–æ –∑–∞—à–µ–ª –≤ –∫–æ–º–Ω–∞—Ç—É,https://sun9-23.userapi.com/c204720/v204720125/28f07/puvQwwUcpVI.jpg
1943,,https://sun9-20.userapi.com/c858020/v858020710/139ecc/EyRMgX3YbYk.jpg
1191,,https://sun9-64.userapi.com/c205616/v205616710/24e6a/Ewe_fs76Ll4.jpg
1151,–ê–≥–µ–Ω—Ç –°–º–∏—Ç –ø—Ä–∏—É–Ω—ã–ª,https://sun9-24.userapi.com/c854028/v854028944/1b0f79/uMtPId-PlVs.jpg
2163,,https://sun9-3.userapi.com/c854324/v854324470/1b938b/_4fHOKkWpcA.jpg
988,,https://sun9-28.userapi.com/c855320/v855320947/1b6ddb/8x54L8-B-Fo.jpg
1465,,https://sun9-12.userapi.com/c205328/v205328201/23f78/Sq3pAsdSYuI.jpg
658,,https://sun9-57.userapi.com/c205328/v205328201/23f5d/8u1fRgSl9aU.jpg
774,,https://sun9-39.userapi.com/c205328/v205328289/25f8d/pPDxHsYyBrU.jpg
613,,https://sun9-45.userapi.com/c205328/v205328289/25f46/7nyIz2DsZOw.jpg
1074,,https://sun9-69.userapi.com/c205328/v205328289/25f3e/0ff_Mx4Z_SQ.jpg
3901,,https://sun9-55.userapi.com/c857036/v857036122/316cf/jMAY1Z_iNoY.jpg
706,,https://sun9-48.userapi.com/c853428/v853428212/1a971c/z0if2JWd7A8.jpg
2354,–≤—Å–µ –ø—Ä–∞–≤–∏–ª—å–Ω–æ —Å–¥–µ–ª–∞–ª,https://sun9-7.userapi.com/c857720/v857720501/13c162/EyCU9Q5Fp5Q.jpg
1235,,https://sun9-63.userapi.com/c200416/v200416374/23b93/2vaBsgkovhA.jpg
838,,https://sun9-43.userapi.com/c857628/v857628884/135f85/3EQGtZL0-so.jpg
692,,https://sun9-18.userapi.com/c205428/v205428417/22fc7/LkWRyzTqk9o.jpg
650,,https://sun9-60.userapi.com/c853516/v853516944/1b65e1/Zc7KyEBgnvM.jpg
1680,,https://sun9-30.userapi.com/c204628/v204628301/226c0/h2wWcgtSMU0.jpg
1381,,https://sun9-19.userapi.com/c855636/v855636849/1b47bd/O5co47rBYQ8.jpg
724,,https://sun9-46.userapi.com/c635104/v635104822/53c50/kcNw1pQjhok.jpg
1332,"–î–æ–±—Ä–æ –ø–æ–∂–∞–ª–æ–≤–∞—Ç—å –≤ –ê–≤—Å—Ç—Ä–∞–ª–∏—é, –≤–∞—à –ø–∞—Å–ø–æ—Ä—Ç, –ø–æ–∂–∞–ª—É–π—Å—Ç–∞",https://sun9-65.userapi.com/c856136/v856136034/19cfb1/d0PkRmumqvQ.jpg
1465,,https://sun9-4.userapi.com/c855720/v855720464/1b62ab/igiVwGFlT6g.jpg
2197,,https://sun9-12.userapi.com/c858420/v858420034/13dd24/NaIKcswQYuA.jpg
695,,https://sun9-55.userapi.com/c200516/v200516393/22f6e/DgT8vQpcP9I.jpg
644,,https://sun9-67.userapi.com/c857532/v857532914/136c7a/4D12s-RDrB4.jpg
951,–æ—á–µ—Ä–µ–¥–Ω–æ–π –ø–æ—Ä—Ç–∞–ª,https://sun9-8.userapi.com/c204520/v204520069/22cd2/kSqq6brLudE.jpg
612,–æ—á–µ–Ω—å —É–¥–æ–±–Ω–æ,https://sun9-49.userapi.com/c856128/v856128403/1b128b/4HoRcpsLUsw.jpg
5608,–ø–ª–∞—Å—Ç–º–∞—Å—Å–æ–≤—ã–π –º–∏—Ä –ø–æ–±–µ–¥–∏–ª,https://sun9-58.userapi.com/c855416/v855416415/1b38da/gCpa8Qdsz7Y.jpg
1072,–ù–æ–≤—ã–π –≤–∫—É—Å. –õ—ç–π—Å —Å –Ω–æ–≥—Ç—è–º–∏,https://sun9-47.userapi.com/c205516/v205516653/2293d/pAkfXbi6PWI.jpg
740,,https://sun9-7.userapi.com/c857124/v857124630/81ae5/w5LC3M4qOLc.jpg
13,[club29144590|üëáüëáüëá–û—Ç–ª–∏—á–Ω—ã–π –ø–∞–±–ª–∏–∫ –¥–ª—è —Ü–µ–Ω–∏—Ç–µ–ª–µ–π —Ñ–æ—Ç–æ–≥—Ä–∞—Ñ–∏–∏. üëáüëáüëá],https://sun9-62.userapi.com/c850136/v850136785/16d08a/dtXNGRZD38U.jpg
1104,,https://sun9-70.userapi.com/c855236/v855236343/1bf45d/vn1GO7uQezA.jpg
964,,https://sun9-35.userapi.com/c855320/v855320844/1b8152/Lnzz4cAlo_o.jpg
747,,https://sun9-40.userapi.com/c205324/v205324716/1fdd4/BqhN0HDBhr8.jpg
3443,,https://sun9-14.userapi.com/c858120/v858120612/13838a/VftFYNQoypU.jpg
603,,https://sun9-72.userapi.com/c858416/v858416165/12b6a4/kdWiUbO6YMI.jpg
3903,,https://sun9-55.userapi.com/c857232/v857232718/96032/MtBBs5yVpv0.jpg
1269,üåà,https://sun9-5.userapi.com/c858416/v858416165/12b689/YWQPACXZAGQ.jpg
1051,,https://sun9-72.userapi.com/c205620/v205620317/211de/fN1VaHtQ6do.jpg
992,,https://sun9-60.userapi.com/c858416/v858416165/12b661/vCm6wliL-ls.jpg
820,,https://sun9-60.userapi.com/c858416/v858416165/12b65a/CRJKCcXgSfs.jpg
938,,https://sun9-64.userapi.com/c858416/v858416165/12b631/CxrR7RXaUmc.jpg
650,,https://sun9-35.userapi.com/c858416/v858416165/12b628/NiMw4VWBnnc.jpg
1731,,https://sun9-8.userapi.com/c206724/v206724933/204d7/ieGjDV85PtQ.jpg
970,—É—Å–ø–µ–ª,https://sun9-69.userapi.com/c857336/v857336832/97d76/Mg7f6lZPEqY.jpg
770,—è –Ω–µ–¥–æ–≥–æ–≤–æ—Ä–∏–ª–∞,https://sun9-36.userapi.com/c200624/v200624130/20cd1/Rxm-Nl8wc2I.jpg
3448,–û–Ω –≤—Å–µ–≥–æ –ª–∏—à—å —Ö–æ—Ç–µ–ª —à–∏—Ç—å,https://sun9-65.userapi.com/c857228/v857228885/989ed/rcaedgPiMbc.jpg
2517,,https://sun9-14.userapi.com/c855020/v855020244/1af14f/sRTyi_B2mK8.jpg
4022,,https://sun9-39.userapi.com/c200620/v200620230/21646/hOBeGvqg_z0.jpg
578,,https://sun9-36.userapi.com/c853516/v853516190/1bd07a/ldGrc49U95Q.jpg
890,,https://sun9-66.userapi.com/c858320/v858320733/1335fc/QDN_vF1RWwM.jpg
1958,–®–æ–∫! –ü—É—Ç–∏–Ω –Ω–∞–∑–≤–∞–ª –ø—Ä–µ–µ–º–Ω–∏–∫–∞:,https://sun9-45.userapi.com/c857332/v857332972/1f212/e8YX76LbxLc.jpg
928,,https://sun9-10.userapi.com/c853524/v853524813/1b37ca/hJkiBkUQul0.jpg
793,,https://sun9-58.userapi.com/c205524/v205524712/1fd73/nwcg2jJMoKo.jpg
486,–í —ç—Ç–æ–º –≥–æ–¥—É —Ç–æ–ª—å–∫–æ —Ç–∞–∫–∏–µ —Å–Ω–µ–≥–æ–≤–∏–∫–∏,https://sun9-10.userapi.com/c204528/v204528815/1ff29/NEfCGLakJfs.jpg
816,–º–∞–≥–∞–∑–∏–Ω —Ö–æ—Ä–æ—à–∏—Ö –ø—Ä–æ–¥—É–∫—Ç–æ–≤,https://sun9-14.userapi.com/c204728/v204728459/1f4ac/0a6K_fTX9CQ.jpg
601,–¥–µ–¥–æ–≤ —Å–µ–∫—Ä–µ—Ç —Å—á–∞—Å—Ç—å—è,https://sun9-61.userapi.com/c855020/v855020143/1b72a4/MmT49W_1uBs.jpg
893,,https://sun1-24.userapi.com/c856016/v856016525/1adbdf/jvlHBu2a2sE.jpg
2833,,https://sun9-52.userapi.com/c853520/v853520060/1b0aed/ANsz3PsPZL4.jpg
5228,,https://sun1-27.userapi.com/c858128/v858128928/1320a9/uOYa_vMCWzY.jpg
680,–¥–≤–µ—Ä—å –∑–∞–∫—Ä–æ–π,https://sun9-64.userapi.com/c204716/v204716164/1ff65/baNRZCCDJ1U.jpg
352,,https://sun9-59.userapi.com/c850608/v850608054/6d9a8/CfaH_jqf_Ao.jpg
540,,https://sun9-25.userapi.com/c200816/v200816650/1f9a8/YCQLtc0EiFw.jpg
1315,–†–æ–º–∞–Ω—Ç–∏–∫–∞,https://sun9-15.userapi.com/c206816/v206816082/1f1e6/E0UmD39ts74.jpg
1387,,https://sun9-54.userapi.com/c200820/v200820246/1fe2a/h8rPjNwCK_s.jpg
869,–¥–æ / –ø–æ—Å–ª–µ –Ω–æ–≤–æ–≥–æ –≥–æ–¥–∞,https://sun9-35.userapi.com/c205624/v205624460/205dc/L75jv8chbtA.jpg
656,,https://sun9-38.userapi.com/c200516/v200516731/201c1/QK1Xs-5Ej2M.jpg
598,,https://sun9-11.userapi.com/c856028/v856028903/15b76f/xoqAHzIcYm4.jpg
1257,,https://sun9-17.userapi.com/c855332/v855332562/1b5647/CfxWdmF_-_c.jpg
1826,–æ—Ç–≤–µ—á–∞—Ç—å –∏–ª–∏ –Ω–µ—Ç?,https://sun9-67.userapi.com/c205824/v205824349/1e883/Rhf2fyE95y8.jpg
1495,–í–æ–¥–∏—Ç–µ–ª–∏ —Å–Ω–µ–≥–æ—É–±–æ—Ä–æ—á–Ω—ã—Ö –º–∞—à–∏–Ω,https://sun9-9.userapi.com/c853428/v853428096/1aac27/-gmuh8qQx2M.jpg
959,,https://sun9-37.userapi.com/c200820/v200820472/1deda/636oFDQSPms.jpg
1067,,https://sun9-47.userapi.com/c858432/v858432560/12c9ca/qCxylXE7qC4.jpg
830,,https://sun9-17.userapi.com/c206624/v206624216/1e5dd/-ynlyz4YKOU.jpg
1198,,https://sun9-34.userapi.com/c850608/v850608541/68fab/IXVDYSxfjYc.jpg
1390,–º–æ–µ —Ç–µ–∫—É—â–µ–µ —Å–æ—Å—Ç–æ—è–Ω–∏–µ,https://sun9-40.userapi.com/c856520/v856520147/9591f/VPCNWn-B8O8.jpg
819,,https://sun9-13.userapi.com/c856120/v856120171/1a3a7a/fZkSAu2efa8.jpg
1028,"–∫—Ç–æ-–Ω–∏–±—É–¥—å —á–∏—Ç–∞–ª, –º–æ–∂–µ—Ç–µ –ø–æ—Ä–µ–∫–æ–º–µ–Ω–¥–æ–≤–∞—Ç—å?",https://sun9-69.userapi.com/c856120/v856120333/1ac924/FJLiGVA_caI.jpg
2234,,https://sun9-53.userapi.com/c855224/v855224946/1a917d/twkS-QNmsuE.jpg
848,,https://sun9-13.userapi.com/c857120/v857120810/93935/VAmB_UhmpMc.jpg
2547,,https://sun9-65.userapi.com/c858332/v858332358/136df5/iAH7xrXYIMo.jpg
807,,https://sun9-30.userapi.com/c857728/v857728388/124eb9/UZRUdwoSjhc.jpg
1367,–Ω–∞—Å—Ç–æ—è—â–∞—è —Ä—É—Å—Å–∫–∞—è –∂–µ–Ω—â–∏–Ω–∞,https://sun9-4.userapi.com/c853424/v853424198/1b4847/npza89HD6ZY.jpg
903,,https://sun9-53.userapi.com/c205528/v205528350/1f108/jgrLtK2Tvv0.jpg
411,–µ–¥–∞ –∏–¥–µ—Ç –≤ –∫–æ–º–ø–ª–µ–∫—Ç–µ —Å –¥–µ–≤–∫–æ–π,https://sun9-54.userapi.com/c857120/v857120587/94f6b/3Pj7LL6Ubvk.jpg
70,,https://sun9-54.userapi.com/c857120/v857120587/94f6b/3Pj7LL6Ubvk.jpg
937,–Ω–µ –≤—ã—Ö–æ–¥–∏ –∏–∑ –∫–æ–º–Ω–∞—Ç—ã –Ω–µ —Å–æ–≤–µ—Ä—à–∞–π –æ—à–∏–±–∫—É,https://sun9-56.userapi.com/c854428/v854428493/1b3771/W1bIyCIHAgo.jpg
888,–∂–¥–µ–º –ø—Ä–∞–∑–¥–Ω–∏–∫–æ–≤,https://sun9-66.userapi.com/c855124/v855124988/1af5f9/o6Lyp1t2o1U.jpg
471,,https://sun9-14.userapi.com/c857124/v857124752/7b831/Ww7mKb0iq1w.jpg
1186,"–º–æ–∂–Ω–æ —Å—ç–∫–æ–Ω–æ–º–∏—Ç—å, –µ—Å–ª–∏ —Å–∫–∏–Ω—É—Ç—å—Å—è —Å —Å–æ—Å–µ–¥—è–º–∏",https://sun9-58.userapi.com/c200428/v200428353/1d962/kRkysZqZicM.jpg
1515,"–¥–ª—è —Ä–æ–ª–µ–≤–æ–π –∏–≥—Ä—ã ""–ú–∏—Å—Å–∏—è –Ω–µ–≤—ã–ø–æ–ª–Ω–∏–º–∞""",https://sun9-2.userapi.com/c858132/v858132868/12b105/m-QdQoaEy0Y.jpg
1137,,https://sun9-27.userapi.com/c204628/v204628202/1ede0/F5K5-buzZnU.jpg
953,,https://sun9-38.userapi.com/c204628/v204628984/1d544/6O_Q4OBwKq0.jpg
659,,https://sun9-57.userapi.com/c204628/v204628984/1d53b/c1CrHbpJNiQ.jpg
571,,https://sun9-60.userapi.com/c857416/v857416721/136f69/2h5YzGReQRc.jpg
589,–•–∏–ø—Å—Ç–µ—Ä—Å–∫–∏–π –≤–µ—Ä—Ç–µ–ø,https://sun9-30.userapi.com/c855532/v855532572/1adcdf/yIHOzX4LkdU.jpg
1113,–≤–µ—á–µ—Ä–∏–Ω–∫–∏ —É –ú–∞—Ä–∏–Ω–∫–∏,https://sun9-51.userapi.com/c855536/v855536797/1a9b06/SdvdYm1sA4g.jpg
715,,https://sun9-13.userapi.com/c854124/v854124527/1b0d41/t9_HcJVJi2I.jpg
1000,,https://sun9-52.userapi.com/c200320/v200320913/1e61a/Q3bF4fva9iM.jpg
2137,–ø–∞–Ω–µ–ª—å–Ω—ã–π –•–æ–≥–≤–∞—Ä—Ç—Å,https://sun9-64.userapi.com/c204520/v204520335/1d4c7/NyJoXevLsnU.jpg
1268,,https://sun9-15.userapi.com/c855616/v855616658/1ad5ec/mKLxjZZFVmc.jpg
874,,https://sun9-14.userapi.com/c856132/v856132324/19c6a7/SZNZP7p78fE.jpg
1224,,https://sun9-70.userapi.com/c205424/v205424423/1e600/kBuFsseffPc.jpg
1255,"–ó–≤–æ–Ω–æ–∫ –≤ –¥–≤–µ—Ä—å.
–°–æ–±–∞–∫–∞:",https://sun9-27.userapi.com/c857528/v857528241/133f30/68H1FbQsY5E.jpg
1164,–±–µ–∑ —à—É—Ç–æ–∫,https://sun9-14.userapi.com/c858216/v858216540/130c8c/SAw1Dt58TpY.jpg
2526,–¥–µ–¥—ã –º–æ—Ä–æ–∑—ã –≤–µ—à–∞—é—Ç –≥–æ–ª–æ–≥–æ,https://sun9-9.userapi.com/c855536/v855536237/1ae197/fCez7GD7VJc.jpg
2282,–º–µ—Ç–æ–¥—ã –∑–∞—â–∏—Ç—ã –æ—Ç —à–µ—Ä—Å—Ç—è–Ω–æ–≥–æ —É–±–ª—é–¥–∫–∞,https://sun9-69.userapi.com/c206520/v206520583/1cff1/kWXogQE_EIw.jpg
1210,,https://sun9-53.userapi.com/c205720/v205720107/1ce26/IXPyeavGe14.jpg
4634,—è –Ω–∞ —Ä–∞–±–æ—Ç–µ,https://sun9-1.userapi.com/c205324/v205324391/1bf47/JNVo5-yTDW8.jpg
1204,,https://sun9-70.userapi.com/c855416/v855416268/1b0cde/WX_rDzkguSk.jpg
1865,,https://sun9-127.userapi.com/c205628/v205628313/1c302/TYdOxQ1O9a4.jpg
858,,https://sun9-63.userapi.com/c854220/v854220610/1af64e/LvoejNN2t3o.jpg
1020,,https://sun9-58.userapi.com/c858416/v858416064/12a754/hb7deJEbZcw.jpg
619,–ú–æ—Å–∫–æ–≤—Å–∫–∏–π –º–µ—Ç—Ä–æ–ø–æ–ª–∏—Ç–µ–Ω,https://sun9-23.userapi.com/c855528/v855528972/1a53d8/5JxzQQmD3bg.jpg
1197,,https://sun9-59.userapi.com/c635104/v635104841/4eec6/qDTimgwWVOA.jpg
598,,https://sun9-50.userapi.com/c205424/v205424260/1ad65/ry3b1Bpk5BE.jpg
558,–Ø –Ω–µ –∑–Ω–∞—é —á—Ç–æ –∏ —Å–∫–∞–∑–∞—Ç—å.,https://sun9-6.userapi.com/c857636/v857636452/12b53a/5bZd8FSMuqo.jpg
762,,https://sun9-21.userapi.com/c858424/v858424574/11fc7c/5ujs2w7SsEs.jpg
754,,https://sun9-67.userapi.com/c205724/v205724723/1d627/-A5Dxy5h5VE.jpg
764,,https://sun9-51.userapi.com/c856524/v856524386/948fb/ujioU7ejL1E.jpg
640,,https://sun9-46.userapi.com/c855632/v855632819/1ae798/tdcj0Z7JmJo.jpg
2269,–∑–∞–±–ª—É–¥–∏–ª—Å—è,https://sun9-56.userapi.com/c855728/v855728420/1b51a6/tYbWnL5DMys.jpg
709,,https://sun9-66.userapi.com/c858520/v858520462/91937/CbDHNdBn3ic.jpg
1260,,https://sun9-69.userapi.com/c204524/v204524956/1a4d9/jfbiF4HPS2Y.jpg
795,,https://sun9-66.userapi.com/c855424/v855424567/1b254c/5WzWuiPv0HM.jpg
1962,,https://sun9-65.userapi.com/c855024/v855024403/1ab850/AM8kHeJ69EE.jpg
971,,https://sun9-53.userapi.com/c206728/v206728992/1ad54/lXX3XFjh_dg.jpg
854,"–≤—Ä–∞—á–∏, –∫–æ—Ç–æ—Ä—ã—Ö –º—ã –∑–∞—Å–ª—É–∂–∏–ª–∏",https://sun9-21.userapi.com/c205424/v205424904/1b02e/0EovmoyUxPg.jpg
631,,https://sun9-56.userapi.com/c853520/v853520234/1ae8d0/X6bFKV0kkAo.jpg
1322,,https://sun9-57.userapi.com/c853524/v853524065/1ac589/-12G4D6lJ-c.jpg
523,,https://sun9-54.userapi.com/c855536/v855536883/1a50db/UC9qnUv8HJk.jpg
3042,,https://sun9-5.userapi.com/c206516/v206516220/19717/gjnjIdKackU.jpg
1151,,https://sun9-29.userapi.com/c857224/v857224671/9068b/TsS5L3rSfCY.jpg
1720,,https://sun1-29.userapi.com/c858036/v858036962/122d99/fzcbBDIhVxk.jpg
1187,,https://sun9-72.userapi.com/c857120/v857120010/8fdc6/4KljWpNsdxo.jpg
818,–ª–µ–¥–æ–≤—ã–π –∫–∞—Ç–æ–∫ –≤ –ù–æ–≤–æ—Å–∏–±–∏—Ä—Å–∫–µ,https://sun9-19.userapi.com/c855628/v855628367/1aaffb/eodnlc2fnqE.jpg
543,,https://sun9-3.userapi.com/c206628/v206628130/1b3b8/qeDomjtyoOI.jpg
774,,https://sun9-25.userapi.com/c858216/v858216434/1311bb/jzFx5PUBL_w.jpg
642,,https://sun9-19.userapi.com/c855728/v855728150/1b200d/azTLTaxu9Fk.jpg
1149,,https://sun9-56.userapi.com/c858028/v858028529/130b77/BKGUAP8I0tY.jpg
1943,,https://sun9-4.userapi.com/c854528/v854528253/1b02a1/tqYZlY_H3Ac.jpg
1052,,https://sun9-66.userapi.com/c854424/v854424320/1aa9a1/hjr2cy8o9aI.jpg
486,,https://sun9-38.userapi.com/c854424/v854424008/1ad74f/KB_-DPFvUqU.jpg
679,,https://sun9-40.userapi.com/c855620/v855620886/1a818b/E0jOL8Z8FsA.jpg
1275,,https://sun9-1.userapi.com/c855016/v855016203/1a07fc/j0CsSLXkJQc.jpg
1320,,https://sun9-62.userapi.com/c855020/v855020749/1b230a/eeXCKPPoXHw.jpg
1215,,https://sun9-62.userapi.com/c854416/v854416515/1a9606/Vbm76rAU4M8.jpg
412,,https://sun9-47.userapi.com/c200428/v200428891/1ad71/R0uyr7d0GEo.jpg
800,"–ú–∞–º–∞, —Å–µ–π—á–∞—Å —Ç–∞–∫ –º–æ–¥–Ω–æ",https://sun9-63.userapi.com/c200620/v200620420/18103/w9QwFeZEUbY.jpg
1344,,https://sun9-20.userapi.com/c635104/v635104267/5c232/B88B6AU_Q8s.jpg
722,,https://sun9-35.userapi.com/c854420/v854420241/1ac0ca/-6l-D4chCF0.jpg
1012,,https://sun9-35.userapi.com/c857520/v857520365/1325ed/m16zIMj0es8.jpg
643,,https://sun9-32.userapi.com/c200416/v200416858/19023/Ds34sQsgeG4.jpg
997,,https://sun9-29.userapi.com/c858228/v858228276/121c32/UIh_yx_xK0Q.jpg
3772,,https://sun9-13.userapi.com/c200528/v200528010/19afd/L8Imgr34x6c.jpg
772,,https://sun9-59.userapi.com/c854324/v854324475/1a767a/mVOr7X-4rQM.jpg
2306,,https://sun9-53.userapi.com/c857236/v857236352/9348c/R6mp2yA_EZ0.jpg
1425,,https://sun9-32.userapi.com/c857216/v857216453/9033c/Su8mvbjiXlA.jpg
1263,,https://sun9-40.userapi.com/c200428/v200428498/19483/FTzAlIRKO1w.jpg
1499,–ù–∞–∫–æ–Ω–µ—Ü-—Ç–æ –¥–æ–¥—É–º–∞–ª–∏—Å—å,https://sun9-127.userapi.com/c858416/v858416504/1264c9/oPpUU05WdRw.jpg
1601,,https://sun9-60.userapi.com/c205816/v205816736/19a88/k59XB72gEmk.jpg
866,,https://sun9-20.userapi.com/c857328/v857328203/91021/GX5a1dnQaWg.jpg
447,–õ–∞–¥–∞ –†–æ–ª—Å-–†–æ–π—Å,https://sun9-7.userapi.com/c200624/v200624292/18963/c9hOQGf4zQw.jpg
1653,,https://sun9-34.userapi.com/c200720/v200720515/18ff2/iQfmg2aGyC8.jpg
1923,,https://sun9-21.userapi.com/c855216/v855216016/1aea4e/PJykj8Ypkns.jpg
980,,https://sun9-30.userapi.com/c855520/v855520392/1a42a1/7P3QyaZMDvc.jpg
1284,,https://sun9-16.userapi.com/c857136/v857136923/8f8d4/_Aq94u5ryJ0.jpg
1800,,https://sun9-54.userapi.com/c856124/v856124449/1b1c0a/Fa4nNk2E2Ic.jpg
5677,,https://sun9-6.userapi.com/c854028/v854028277/1af8d7/4GE2yArMLxs.jpg
927,,https://sun9-37.userapi.com/c854020/v854020395/1ad644/AhkEP3T_dFc.jpg
760,,https://sun9-72.userapi.com/c205824/v205824778/19c14/Yc_9wLGNMHw.jpg
942,,https://sun9-55.userapi.com/c857724/v857724781/1308ad/lijbZXDwEBM.jpg
1146,,https://sun9-8.userapi.com/c857528/v857528135/12ebd6/O0rIpR8hUKk.jpg
506,,https://sun9-63.userapi.com/c853620/v853620260/1aff47/T015lCOJipA.jpg
1074,,https://sun9-66.userapi.com/c857028/v857028173/8c05f/ZDW8KodO4mI.jpg
1202,,https://sun9-11.userapi.com/c853420/v853420433/1a961f/uTq9yCNxmhc.jpg
754,,https://sun9-30.userapi.com/c855520/v855520543/1a7944/SDXglq5cnQE.jpg
587,,https://sun9-48.userapi.com/c857120/v857120320/8cfd3/wx1PCpFBvCU.jpg
782,,https://sun9-50.userapi.com/c857320/v857320498/8acd1/QhnMR9U7Vgc.jpg
812,,https://sun9-28.userapi.com/c853628/v853628140/19e44a/aCjJNzL6ink.jpg
1102,,https://sun9-33.userapi.com/c857232/v857232414/8e23b/-BkZp-KTJNE.jpg
755,,https://sun9-69.userapi.com/c857632/v857632531/12e017/hVnnsFoVBWs.jpg
1029,,https://sun9-44.userapi.com/c200516/v200516256/179df/HWvlzYq6X6w.jpg
1081,,https://sun9-57.userapi.com/c855528/v855528660/1ab165/3tUxrfHyDDk.jpg
445,"–í–û–ó–†–ê–°–¢–´ –í 2020:

1990 - 30 –ª–µ—Ç
1991 - 29 –ª–µ—Ç
1992 - 28 –ª–µ—Ç
1993 - 27 –ª–µ—Ç
1994 - 26 –ª–µ—Ç
1995 - 25 –ª–µ—Ç
1996 - 24 –≥–æ–¥–∞
1997 - 23 –≥–æ–¥–∞
1998 - 22 –≥–æ–¥–∞
1999 - 21 –≥–æ–¥
2000 - 20 –ª–µ—Ç
2001 - 19 –ª–µ—Ç
2002 - 18 –ª–µ—Ç",https://sun9-57.userapi.com/c855528/v855528660/1ab165/3tUxrfHyDDk.jpg
1091,,https://sun9-55.userapi.com/c204524/v204524351/170bc/HYmIno8Tfb4.jpg
2070,,https://sun9-14.userapi.com/c855616/v855616361/1aaa8d/_85TFzbTNRw.jpg
2190,,https://sun9-57.userapi.com/c855032/v855032573/19d10b/-4hIMnMBje0.jpg
1125,,https://sun1-99.userapi.com/c855024/v855024902/1aaf95/2-HTr85KVT8.jpg
1773,—á—É–∂–æ–π,https://sun9-5.userapi.com/c200716/v200716877/1807f/fblHH_oTVTc.jpg
742,,https://sun9-51.userapi.com/c205128/v205128751/179fd/682d_aPAB-0.jpg
1919,,https://sun9-50.userapi.com/c205128/v205128833/18194/rV2zUaz4RHE.jpg
688,,https://sun9-25.userapi.com/c854320/v854320942/1a2f77/wohRqWbYGQA.jpg
1381,,https://sun9-5.userapi.com/c853628/v853628447/1990ba/QEH2rMufRYY.jpg
445,,https://sun9-33.userapi.com/c853516/v853516732/1acc0b/slKamUZGSjw.jpg
1035,–∫–æ–≥–¥–∞ –∑–∞–∫–æ–Ω—á–∏–ª —É–Ω–∏–≤–µ—Ä,https://sun9-23.userapi.com/c858432/v858432175/129519/pNHWztjLEYk.jpg
408,,https://sun9-23.userapi.com/c858432/v858432175/129519/pNHWztjLEYk.jpg
943,,https://sun9-3.userapi.com/c850608/v850608106/5eb2e/YTFtIDv3hxs.jpg
1187,,https://sun9-37.userapi.com/c850608/v850608106/5eb27/29miNFfOX8E.jpg
703,,https://sun9-9.userapi.com/c850608/v850608106/5eb1e/tsPP8-JAfss.jpg
1385,–°–ª–µ–¥—É—é—â–µ–µ –∑–∞–¥–∞–Ω–∏–µ:,https://sun9-70.userapi.com/c206520/v206520857/15fae/bY9XU8yEs18.jpg
1321,,https://sun9-64.userapi.com/c205820/v205820870/1701c/LIBzDOTaXoU.jpg
450,,https://sun9-37.userapi.com/c857224/v857224887/8cba9/GmivJNbTp-A.jpg
1833,,https://sun9-21.userapi.com/c857224/v857224887/8cb98/0wetbdphLDE.jpg
941,,https://sun9-3.userapi.com/c205528/v205528020/15e62/1jS9SmiOAes.jpg
1604,,https://sun9-49.userapi.com/c855724/v855724197/1a8efc/FTZyMpt-GVc.jpg
764,,https://sun9-51.userapi.com/c858132/v858132116/12a98f/I__L_53ToDE.jpg
1128,,https://sun9-39.userapi.com/c855428/v855428088/1ab5db/cwrC6brwYQ4.jpg
1308,,https://sun9-26.userapi.com/c857128/v857128952/8fa0b/P76Bmo1Kpb8.jpg
762,,https://sun9-72.userapi.com/c200420/v200420607/156dd/BmDj-rWAX9M.jpg
1668,"–ö–æ–≥–¥–∞ –≤—ã –Ω–∞–∂–∏–º–∞–µ—Ç–µ –∫–Ω–æ–ø–∫—É –ª –Ω–∞ –∫–ª–∞–≤–∏–∞—Ç—É—Ä–µ, –≤—ã –ø–æ–ª—É—á–∞–µ—Ç–µ —Å—Ç—Ä–æ—á–Ω—É—é –±—É–∫–≤—É –ª. –ù–æ —á—Ç–æ, –µ—Å–ª–∏ –≤—ã —Ö–æ—Ç–∏—Ç–µ –∑–∞–≥–ª–∞–≤–Ω—É—é –±—É–∫–≤—É –õ? –ü—Ä–æ—Å—Ç–æ –ø–µ—Ä–µ–π–¥–∏—Ç–µ –Ω–∞ —Å—Ç—Ä–∞–Ω–∏—Ü—É –í–∏–∫–∏–ø–µ–¥–∏–∏ –æ –ª–æ—à–∞–¥—è—Ö, —Å–∫–æ–ø–∏—Ä—É–π—Ç–µ –∑–∞–≥–ª–∞–≤–Ω—É—é –±—É–∫–≤—É –õ –∏ –≤—Å—Ç–∞–≤—å—Ç–µ –µ—ë –≤ –¥–æ–∫—É–º–µ–Ω—Ç. –ü—Ä–æ–±–ª–µ–º–∞ —Ä–µ—à–µ–Ω–∞ üëç",https://sun9-48.userapi.com/c857224/v857224228/8ba71/9mnqWQInPMM.jpg
1108,—Å—Ç–∏–ª—å–Ω—ã–µ –∑–¥–µ—Å—å?,https://sun9-18.userapi.com/c858028/v858028269/12e7d9/VC_YBbjTdBE.jpg
1412,,https://sun9-7.userapi.com/c205624/v205624309/147d5/lFPCSFL8gdE.jpg
568,,https://sun9-45.userapi.com/c857024/v857024788/228af/eMGJdQdh_iU.jpg
2572,–∏–¥–µ–∞–ª—å–Ω–æ–µ —Å—É—â–µ—Å—Ç–≤–æ,https://sun9-42.userapi.com/c206616/v206616592/14fc3/2yCuo_sga0g.jpg
1548,,https://sun9-17.userapi.com/c858132/v858132765/126038/vu2AAUQEtmY.jpg
2575,—è –≤—ã–∑—ã–≤–∞—é –ø–æ–ª–∏—Ü–∏—é,https://sun9-28.userapi.com/c857720/v857720228/130b9b/zaRSdahC3uo.jpg
715,,https://sun9-33.userapi.com/c200328/v200328948/152cb/56UHGwkYm2g.jpg
727,–º—è—Å–æ—Å–∏–ø–µ–¥,https://sun9-44.userapi.com/c858528/v858528449/89a13/eYV5uOfYezA.jpg
674,,https://sun9-2.userapi.com/c855732/v855732492/1abcad/QYuy-PLJSPE.jpg
216,,https://sun9-33.userapi.com/c856120/v856120255/19e5d3/H8zqtJDh86Q.jpg
1106,–¥–µ–≤–æ—á–∫–∏ –∑–∞–ø–∏—Å—ã–≤–∞–µ–º—Å—è –Ω–∞ –ø—Å–∏—Ö–∏–∞—Ç—Ä–∏—á–µ—Å–∫–æ–µ –ª–µ—á–µ–Ω–∏–µ üôÄüëÑüíÖüèªüíÖüèªüíÖüèªüíÖüèªüíñüíñüí¶üí¶üí¶,https://sun9-33.userapi.com/c856120/v856120255/19e5d3/H8zqtJDh86Q.jpg
892,,https://sun9-60.userapi.com/c856028/v856028533/151093/tsgk-ZR7QPM.jpg
1223,–º–æ—è –∑–æ–Ω–∞ –∫–æ–º—Ñ–æ—Ä—Ç–∞,https://sun9-35.userapi.com/c200824/v200824050/14d8d/LiA68KiSbW4.jpg
640,–µ—Å—Ç—å –≤–µ—â–∏ –Ω–∞ –ø–æ—Ä—è–¥–æ–∫ –≤—ã—à–µ,https://sun9-20.userapi.com/c855424/v855424226/1a48cb/6ijL43eIwDI.jpg
1162,,https://sun9-29.userapi.com/c857420/v857420640/122910/T9YnM7BAZZg.jpg
1090,,https://sun9-58.userapi.com/c206516/v206516196/14c0c/4ZJF76cdN5A.jpg
2070,seo-–æ–ø—Ç–∏–º–∏–∑–∏—Ä–æ–≤–∞–Ω–Ω–∞—è –¥–µ–≤—É—à–∫–∞,https://sun9-59.userapi.com/c856028/v856028723/153e1a/AapJaIYv29w.jpg
2320,—Ä–µ–π–¥–µ—Ä—Å–∫–∏–π –∑–∞—Ö–≤–∞—Ç,https://sun9-12.userapi.com/c206516/v206516424/1550c/DToWVyqjwOM.jpg
1967,,https://sun9-58.userapi.com/c856120/v856120706/19fc9d/7qfDAeIHIhE.jpg
1031,–ø—Ä–æ—Å—Ç—Ä–∞–Ω—Å—Ç–≤–µ–Ω–Ω–æ-–≤—Ä–µ–º–µ–Ω–Ω–∞—è –ø–µ—Ç–ª—è,https://sun9-4.userapi.com/c200620/v200620822/145fd/EqPf0OV28Hc.jpg
743,,https://sun9-68.userapi.com/c200828/v200828044/157f3/lJ_nK0rzWO0.jpg
1132,,https://sun9-40.userapi.com/c854328/v854328822/196abb/eiLscl93o0c.jpg
692,,https://sun9-64.userapi.com/c204616/v204616904/14b90/XPQKD-zrASE.jpg
907,,https://sun9-41.userapi.com/c204724/v204724953/149c6/HMb8yBexKYQ.jpg
1913,–≤—Å–µ–º –ø—Ä–æ—Ü–≤–µ—Ç–∞–Ω–∏—è,https://sun9-67.userapi.com/c855524/v855524960/19fe3b/H6nsiT7gyp4.jpg
878,,https://sun9-1.userapi.com/c857216/v857216234/89868/AyMQVgV1uQQ.jpg
886,—Å —Å—ã—Ä–Ω—ã–º —Å–æ—É—Å–æ–º –≤—Å–µ –≤–∫—É—Å–Ω–µ–µ,https://sun9-5.userapi.com/c855632/v855632778/1a49b0/UCnhsLS38c8.jpg
829,–∏–Ω–≤–µ—Ä—Ç–∏—Ä–æ–≤–∞–Ω–Ω–æ–µ –ø–∏–≤–æ,https://sun9-49.userapi.com/c205724/v205724369/139e5/VDPjYKb6_tA.jpg
1470,–º–æ—è –∫–æ–º–∞–Ω–¥–∞ –ø–æ —Å–ø–∞—Å–µ–Ω–∏—é –º–∏—Ä–∞,https://sun9-34.userapi.com/c855724/v855724589/1a5660/v6Rn-JKUsKs.jpg
1396,,https://sun9-33.userapi.com/c200824/v200824522/1384e/r-Qi_YqTuFY.jpg
1107,,https://sun9-46.userapi.com/c858520/v858520678/893f4/J82Nq5SToLk.jpg
1014,,https://sun9-38.userapi.com/c854024/v854024460/1acf06/GR8k4t34Hp8.jpg
1036,,https://sun9-60.userapi.com/c204720/v204720703/12ab7/YUzFvSc2Skc.jpg
531,–∫–∏–±–µ—Ä-–∫–∞–±–∞–Ω,https://sun9-30.userapi.com/c858520/v858520671/87268/5g1DtMK1zLo.jpg
842,–Ω–µ–≤–∏–¥–∏–º—ã–µ –Ω–æ—Å–∫–∏,https://sun9-65.userapi.com/c204716/v204716438/13824/d1yJebI2wgo.jpg
1699,,https://sun9-2.userapi.com/c204624/v204624158/135fd/9EfPe6IQCt4.jpg
1218,,https://sun9-9.userapi.com/c858120/v858120506/12f141/GFfVPii2HOk.jpg
633,,https://sun9-60.userapi.com/c858028/v858028749/12ea8f/_F0cZOh8pI4.jpg
766,–±–µ—Å–ø—Ä–µ–¥–µ–ª,https://sun9-39.userapi.com/c205828/v205828644/12845/DLJydifBixk.jpg
1012,,https://sun9-50.userapi.com/c204720/v204720580/12529/66hAMzQ3HaM.jpg
2027,–æ–±—É–≤—å –¥–ª—è –∫—É—Ä–µ–Ω–∏—è –≤ –ø–æ–¥—ä–µ–∑–¥–µ,https://sun9-38.userapi.com/c858024/v858024954/12c827/UB0Is8Q2M1g.jpg
822,,https://sun9-44.userapi.com/c855428/v855428363/1a3dfb/4d-M_zTwrWU.jpg
1149,,https://sun9-127.userapi.com/c857128/v857128799/898b5/EdqVGuiHUoI.jpg
4770,–ø–æ—Ä—Ç–∞–ª –æ—Ç–∫—Ä—ã–ª—Å—è,https://sun9-21.userapi.com/c206824/v206824753/121f9/US3ACai8ky4.jpg
1055,,https://sun9-13.userapi.com/c857620/v857620117/12b0c7/t9iMl6pumd4.jpg
2617,–î—Ä—É–∂–±–∞ —Å –≥—Ä–∏–±–∞–º–∏,https://sun9-63.userapi.com/c200328/v200328028/13dc6/SH6yx4NA5ik.jpg
948,,https://sun9-54.userapi.com/c855228/v855228612/1aa6b5/P8kgh9MOC6o.jpg
761,,https://sun9-50.userapi.com/c205820/v205820433/137c6/Fe2UIxpFs18.jpg
454,,https://sun9-18.userapi.com/c858320/v858320702/128df5/9jyazbMMKuk.jpg
539,,https://sun9-32.userapi.com/c854124/v854124689/1a77f5/dnu-qwPZmqw.jpg
947,,https://sun9-45.userapi.com/c855416/v855416889/1a0e3d/NjrDQdC3Gic.jpg
900,,https://sun9-44.userapi.com/c850608/v850608063/5e7a4/WXOujoSmMcE.jpg
2276,,https://sun9-66.userapi.com/c200824/v200824365/129a2/PZ-S-ak1HcM.jpg
1332,,https://sun9-2.userapi.com/c854016/v854016577/1a2f53/trAhoe59TtU.jpg
658,,https://sun9-17.userapi.com/c856136/v856136570/18d9f9/FIksX_WOkp8.jpg
824,,https://sun9-34.userapi.com/c635104/v635104722/5269e/CRch6M_QW2o.jpg
2039,,https://sun9-69.userapi.com/c854128/v854128270/1a2c2a/XiC8hL6SA00.jpg
1601,–º–æ–π –¥–≤–∏–∂ –Ω–∞ –Ω–æ–≤—ã–π –≥–æ–¥,https://sun9-47.userapi.com/c853528/v853528539/19c587/75viEYG5GmQ.jpg
1226,,https://sun9-72.userapi.com/c855520/v855520619/1a3f3e/IHbGjsain0g.jpg
921,,https://sun9-6.userapi.com/c858528/v858528522/83589/dQ51CJbTd0Y.jpg
757,,https://sun9-5.userapi.com/c857720/v857720183/12abce/aQoHGLz4Z3Q.jpg
1075,"–∂–¥–µ–º –∑–∞—Ä–ø–ª–∞—Ç—É, —á—Ç–æ–± –∫—É–ø–∏—Ç—å –ø–æ–¥–∞—Ä–∫–∏",https://sun9-47.userapi.com/c204728/v204728302/1187e/OKjJj638k8Q.jpg
749,,https://sun9-8.userapi.com/c200628/v200628488/124dc/5ffr4RGFdF0.jpg
1946,,https://sun9-5.userapi.com/c857220/v857220236/86058/k-qXTVJfXg8.jpg
354,—Ç–µ—Ö–Ω–æ–ª–æ–≥–∏–∏ –±—É–¥—É—â–µ–≥–æ,https://sun9-29.userapi.com/c857032/v857032745/87f15/TcHWs2e0V0E.jpg
4033,–º—É–∂–∏–∂–∞,https://sun9-45.userapi.com/c204824/v204824553/10eb2/7u3HbQ2K3vA.jpg
539,–æ–±—ã—á–Ω—ã–π –¥–µ–¥ –º–æ—Ä–æ–∑ –≤–æ –í—å–µ—Ç–Ω–∞–º–µ,https://sun9-48.userapi.com/c855636/v855636117/1a2efd/5dPGjKdNspA.jpg
703,,https://sun9-33.userapi.com/c205124/v205124605/11626/-HM84P-i2nk.jpg
1327,,https://sun9-34.userapi.com/c853624/v853624065/1a3b72/2OFf36jT0cI.jpg
933,,https://sun9-19.userapi.com/c204520/v204520799/11013/4tQ21J67F7Q.jpg
1753,,https://sun9-2.userapi.com/c858128/v858128939/11ec84/RRC1z7c2Rvw.jpg
848,–¥–æ–∏–≥—Ä–∞–ª—Å—è,https://sun9-5.userapi.com/c857620/v857620846/12a398/rmykXqO4zLw.jpg
360,–ê–Ω–æ–Ω,https://sun9-71.userapi.com/c854228/v854228294/1a395c/t_urPrdn5_M.jpg
577,–ü—Ä–æ–ª–µ—Ç–∞—è –Ω–∞–¥ –≥–Ω–µ–∑–¥–æ–º –∫—É–∫—É—Ö–æ–π,https://sun9-71.userapi.com/c854228/v854228294/1a395c/t_urPrdn5_M.jpg
826,,https://sun9-29.userapi.com/c858432/v858432012/11f01c/i2SXDawltZs.jpg
1943,,https://sun9-34.userapi.com/c855124/v855124676/1a0ea3/PeZLfoLCJF4.jpg
1462,—á—Ç–æ —Å–ª—É—á–∏–ª–æ—Å—å —Å —Å–æ—Å–∏—Å–∫–æ–π?,https://sun9-16.userapi.com/c857616/v857616856/12ba85/f49VMlEgkhg.jpg
908,–±–∞—Ç—è –Ω–µ –∏–≥—Ä–∞–µ—Ç –≤ –∏–≥—Ä—ã,https://sun9-127.userapi.com/c857520/v857520916/12cd9b/AR4DH_p5Q1I.jpg
1382,,https://sun9-69.userapi.com/c200528/v200528962/10851/KjyG4Cis6-k.jpg
1155,,https://sun1-16.userapi.com/c206816/v206816241/10505/_3K54nn-Pus.jpg
934,–∫–∞–∫ —è –±—É–¥—É –≤—Å—Ç—Ä–µ—á–∞—Ç—å –Ω–æ–≤—ã–π –≥–æ–¥,https://sun9-7.userapi.com/c857232/v857232265/86e2f/l9FDCc_1dP4.jpg
2466,,https://sun9-65.userapi.com/c205616/v205616389/11311/cMeUD8kVw9c.jpg
302,,https://sun9-24.userapi.com/c200716/v200716379/11e1d/HDXUfLsujRw.jpg
669,—Ä–∞–Ω—å—à–µ –±—ã–ª–æ –ª—É—á—à–µ,https://sun9-31.userapi.com/c858324/v858324842/11edcd/2Jp63_6t6tE.jpg
1173,,https://sun9-67.userapi.com/c857520/v857520313/1275bf/nNYJXBVrHK0.jpg
2795,,https://sun9-33.userapi.com/c857520/v857520313/12752d/MYZWS6Su77A.jpg
3913,,https://sun9-1.userapi.com/c857728/v857728628/118e0c/nlg0mAgEXcA.jpg
932,,https://sun9-29.userapi.com/c858416/v858416023/1181fc/vGmGH2wC6o8.jpg
1038,–∫–∞–∫ –ø—Ä–∏—Ö–æ–¥–∏—Ç —Å–º–µ—Ä—Ç—å,https://sun9-15.userapi.com/c857420/v857420802/124d2a/6GsJ8-Yx_Oo.jpg
683,,https://sun9-65.userapi.com/c855016/v855016820/1930a5/ZiUbxHK1jqA.jpg
2502,–º–æ–ª—å –æ–±–∏–¥–µ–ª–∞—Å—å,https://sun9-55.userapi.com/c856120/v856120869/19358a/L6Nvw87B27w.jpg
1344,,https://sun9-26.userapi.com/c855428/v855428034/1a3c4c/f6zTaeur0T4.jpg
3501,,https://sun9-34.userapi.com/c200828/v200828824/10d60/7YnGx8anovU.jpg
1097,–Ω–∞—à —á–µ–ª–æ–≤–µ–∫,https://sun9-60.userapi.com/c855032/v855032960/18c818/8a-1zk0P8m8.jpg
1017,,https://sun9-23.userapi.com/c206624/v206624102/10864/0qOYWnDXO6A.jpg
505,,https://sun9-64.userapi.com/c857636/v857636198/11dd30/Opxg9G3wtO4.jpg
2578,,https://sun9-21.userapi.com/c204828/v204828656/111c2/6KfFSH41KP8.jpg
1348,–ø—Ä–æ–≤–µ—Å—Ç–∏ –∫–æ—Ä–ø–æ—Ä–∞—Ç–∏–≤ –Ω—É–∂–Ω–æ —Ç–∞–∫,https://sun9-42.userapi.com/c205424/v205424326/e52e/iFwUx_NjmJ4.jpg
892,,https://sun9-26.userapi.com/c857720/v857720442/1245d7/AIO3Y8c9y9E.jpg
2418,—Ç–∞–∫–æ–µ –≤–æ—Ç –Ω–∞—Å—Ç—Ä–æ–µ–Ω–∏–µ,https://sun9-46.userapi.com/c206524/v206524724/de5b/9_UwxwQiwCg.jpg
1032,,https://sun9-12.userapi.com/c205524/v205524379/e6bf/1GOFCVjlgis.jpg
2685,—Å–∞–º–∞—è –Ω—É–∂–Ω–∞—è –ø—Ä–æ–≥—Ä–∞–º–º–∞,https://sun9-64.userapi.com/c850608/v850608279/59fde/38ndX7OfU1Y.jpg
865,,https://sun9-45.userapi.com/c200428/v200428960/d620/rVDP2aYADP8.jpg
2058,,https://sun9-44.userapi.com/c855428/v855428778/19a36a/3KRYg84vM78.jpg
741,,https://sun9-11.userapi.com/c206820/v206820412/e3ba/azKvGnyX1eI.jpg
3211,"–Ω–æ–≤–æ–≥–æ–¥–Ω–∏–π —Å—Ç–æ–ª, –∫–æ—Ç–æ—Ä—ã–π –º—ã –∑–∞—Å–ª—É–∂–∏–ª–∏",https://sun9-20.userapi.com/c855436/v855436087/19efa3/ZovUgvz0gx8.jpg
679,,https://sun9-4.userapi.com/c856136/v856136678/189654/9pZyHrge28I.jpg
1167,–°–Ω–∞–ø—á–∞—Ç –≤ –≤—å–µ—Ç–Ω–∞–º—Å–∫–æ–º –ª–µ—Å—É,https://sun9-9.userapi.com/c856136/v856136678/189644/l3S_S9RAmKE.jpg
1767,,https://sun9-51.userapi.com/c856136/v856136678/18963c/O2kxwgzH11U.jpg
546,,https://sun9-27.userapi.com/c856136/v856136678/18962f/WnKUS3MobLk.jpg
1281,,https://sun9-6.userapi.com/c856136/v856136678/189628/4zHAvAH-RQE.jpg
2754,–∏–¥–µ–∏ –ø–æ–¥–∞—Ä–∫–æ–≤ –Ω–∞ –Ω–æ–≤—ã–π –≥–æ–¥,https://sun9-14.userapi.com/c856136/v856136678/189616/CHPqHHVm7G8.jpg
1243,,https://sun9-20.userapi.com/c856136/v856136678/18960d/7t6DDX_N4cA.jpg
565,,https://sun9-47.userapi.com/c856136/v856136678/1895ed/cZt1UX7QMGw.jpg
1630,,https://sun9-38.userapi.com/c856136/v856136678/1895da/zmaIlVT-jz4.jpg
823,,https://sun9-56.userapi.com/c856136/v856136678/1895d3/K48aOKIkgRA.jpg
2357,,https://sun9-25.userapi.com/c856136/v856136678/1895cc/BItS46dUzuw.jpg
1078,"–∫–∞–∫ —Ç–µ–±–µ —Ç–∞–∫–æ–µ, –ò–ª–æ–Ω –ú–∞—Å–∫?",https://sun9-7.userapi.com/c856136/v856136678/1895c3/QbG0aMbcb2g.jpg
967,,https://sun9-35.userapi.com/c853428/v853428624/199dfb/lJj5YgCrCOE.jpg
1540,,https://sun9-34.userapi.com/c205228/v205228070/b425/cOWvwVPsCRA.jpg
1232,,https://sun9-4.userapi.com/c206628/v206628309/df27/jqpuwB0yK20.jpg
711,,https://sun9-18.userapi.com/c853620/v853620936/1a3822/laoDpO25YgI.jpg
471,,https://sun9-18.userapi.com/c858320/v858320855/12740d/B5WSBw77ENc.jpg
599,,https://sun9-54.userapi.com/c206624/v206624735/d31f/sX3hLbmb7vA.jpg
799,,https://sun9-46.userapi.com/c205524/v205524314/d056/NstqS9kWnuQ.jpg
1501,—à–∏–∑–∞,https://sun9-38.userapi.com/c857024/v857024693/1a8d0/M3uJO8KRUH4.jpg
1345,,https://sun9-65.userapi.com/c204524/v204524217/c184/vsJGPopUIzY.jpg
1181,,https://sun9-46.userapi.com/c857432/v857432120/1118d4/oNtvhWdf2Yk.jpg
64,–í–¥—É–ª –±—ã —Ç—ã –∞–≤—Ç–æ—Ä—É –ø—Ä–µ–¥—ã–¥—É—â–µ–≥–æ –∫–æ–º–º–µ–Ω—Ç–∞—Ä–∏—è?,https://sun9-46.userapi.com/c857432/v857432120/1118d4/oNtvhWdf2Yk.jpg
1785,–∫–∏–±–µ—Ä–ø–∞–Ω–∫,https://sun9-56.userapi.com/c206720/v206720052/d28a/8ZdR7cGc_UI.jpg
981,,https://sun9-66.userapi.com/c205128/v205128313/c2e0/LueE2HXg84U.jpg
1492,–∫–æ–≥–¥–∞ –Ω–µ–Ω–∞–≤–∏–¥–∏—à—å –ø—Ä–∏—Ä–æ–¥—É,https://sun9-53.userapi.com/c854120/v854120643/198bc2/bLKXYMbPCjk.jpg
957,–∫–∏–±–µ—Ä–ø–∞–Ω–∫,https://sun9-26.userapi.com/c206520/v206520342/c36d/hfBbUqPAGQI.jpg
864,,https://sun9-58.userapi.com/c857328/v857328478/80d1d/F7iYuAgyMx8.jpg
428,,https://sun9-10.userapi.com/c858436/v858436385/116590/VFErcQBVTcg.jpg
1192,,https://sun9-25.userapi.com/c205828/v205828649/c797/AX9-24uO480.jpg
1112,,https://sun9-23.userapi.com/c200520/v200520172/b54e/DVGR7RVQH-g.jpg
1675,–∞–∫—Ü–∏—è,https://sun9-34.userapi.com/c858528/v858528686/81b56/FmZdQWj5t-o.jpg
702,,https://sun9-71.userapi.com/c200616/v200616271/ba11/QDc980o7yl8.jpg
734,,https://sun9-62.userapi.com/c200328/v200328375/bbeb/NGlv3OvlNe4.jpg
830,,https://sun9-54.userapi.com/c854528/v854528244/19d7a3/azAl4npOu2o.jpg
943,,https://sun9-62.userapi.com/c200620/v200620326/ae2f/bq8EHT42UUI.jpg
1080,–∫—Ä–∏–ø–æ—Ç–∞,https://sun9-14.userapi.com/c856036/v856036692/19fd55/oor33JxtXRg.jpg
1528,,https://sun9-13.userapi.com/c858016/v858016557/12e999/SZmv7x3v_9g.jpg
1048,,https://sun9-39.userapi.com/c855024/v855024164/19d04b/yCfm_86Axls.jpg
1993,25 –ª–µ—Ç,https://sun9-7.userapi.com/c200316/v200316762/a93d/aE-1X5RdM68.jpg
1408,,https://sun9-28.userapi.com/c857628/v857628499/125669/MkXFQGHajc0.jpg
544,,https://sun9-71.userapi.com/c857120/v857120218/7fe4a/X1iZw6STmg8.jpg
494,,https://sun9-67.userapi.com/c854420/v854420217/19ac39/LnxN9Cn2cj8.jpg
463,,https://sun9-62.userapi.com/c854524/v854524602/1944d4/tx6Ikhp8LyU.jpg
682,–µ—Å—Ç—å —Ç–æ–ª—å–∫–æ –¥–≤–∞ –≥–µ–Ω–¥–∞–ª—å—Ñ–∞,https://sun9-53.userapi.com/c200420/v200420461/b25e/NO7aa2gZ0QY.jpg
1283,–Ω–æ–≤—ã–π –ø–∞–º—è—Ç–Ω–∏–∫ –≤ –ü–µ—Ç–µ—Ä–±—É—Ä–≥–µ,https://sun9-8.userapi.com/c200520/v200520637/ba7b/THxq1u3CBcw.jpg
1759,,https://sun9-16.userapi.com/c855020/v855020268/1a199c/vxGwov6AVWk.jpg
991,,https://sun9-41.userapi.com/c858332/v858332944/11fdf4/MjmHrbqj4yQ.jpg
473,,https://sun9-20.userapi.com/c858132/v858132304/11683e/MAx-B8Od1uY.jpg
992,,https://sun9-42.userapi.com/c853520/v853520707/19a253/tkVj_QKY188.jpg
2170,,https://sun9-2.userapi.com/c857036/v857036576/196ef/Am5FbgRWxfc.jpg
746,,https://sun9-58.userapi.com/c205728/v205728880/b1c8/g-C2wexZsKU.jpg
618,,https://sun9-29.userapi.com/c858432/v858432776/11c1fb/l5Y1k6PIME8.jpg
2066,,https://sun9-54.userapi.com/c857420/v857420731/11db80/cNe37T8ixRw.jpg
655,,https://sun9-37.userapi.com/c854320/v854320928/19e317/Qei-vzwpdo8.jpg
1206,,https://sun9-9.userapi.com/c855220/v855220788/19e1d5/yzNLuFpOPqA.jpg
457,,https://sun9-13.userapi.com/c858320/v858320104/124bba/kBZLdSEYdi8.jpg
433,,https://sun9-72.userapi.com/c854328/v854328280/190a17/_5NlGQeeGp8.jpg
526,,https://sun9-72.userapi.com/c854328/v854328280/190a17/_5NlGQeeGp8.jpg
1071,,https://sun9-47.userapi.com/c857016/v857016181/7d7d0/xJjUcj30f6o.jpg
4413,,https://sun9-45.userapi.com/c206624/v206624134/a0ae/QtQdlb0D0No.jpg
878,,https://sun9-19.userapi.com/c857328/v857328160/7eafa/Y4fMGeVGjZQ.jpg
957,,https://sun9-41.userapi.com/c857220/v857220643/833aa/dZJjDKxbPPA.jpg
737,,https://sun9-20.userapi.com/c204720/v204720228/a48a/tMwumSWY37c.jpg
2976,,https://sun9-37.userapi.com/c200520/v200520040/9e4f/q72LNranqqE.jpg
1264,–±–µ—Ä–µ–∂–µ–Ω–æ–≥–æ –±–æ–≥ –±–µ—Ä–µ–∂–µ—Ç,https://sun9-127.userapi.com/c855436/v855436305/19d738/BTzw-vKWf0c.jpg
903,,https://sun9-12.userapi.com/c856020/v856020730/19e692/cM0NCdpdNfM.jpg
1585,–∫—Ç–æ —ç—Ç–æ —Ç—É—Ç —É –Ω–∞—Å?,https://sun9-67.userapi.com/c206616/v206616345/9afd/qti9NeZcT_E.jpg
841,,https://sun9-16.userapi.com/c205624/v205624029/8f64/8ieED8zT4rE.jpg
1745,–•–∞–±–∞—Ä–æ–≤—Å–∫ –Ω–µ –æ—Ç—Å—Ç–∞–µ—Ç,https://sun9-32.userapi.com/c853428/v853428285/1964b6/PwhEI-HjZIk.jpg
816,–Ω–∏–Ω—Ç–µ–Ω–¥–æ –ø–µ—Ä–µ–∫–ª—é—á–∞—Ç–µ–ª—å,https://sun9-20.userapi.com/c858224/v858224644/122639/dygMgimYkic.jpg
46,,https://sun9-54.userapi.com/c856124/v856124609/b2e4d/69Sm6WOyx64.jpg
4663,"—è –Ω–µ –≤–µ—Ä—é –≤ —Ç–µ–æ—Ä–∏—é –∑–∞–≥–æ–≤–æ—Ä–æ–≤, –Ω–æ",https://sun9-41.userapi.com/c858436/v858436641/111b21/ASAUS6T5Sro.jpg
711,,https://sun9-66.userapi.com/c200420/v200420289/9928/euMFcdeqKhQ.jpg
768,,https://sun9-6.userapi.com/c204728/v204728050/9171/359FvPgmSrQ.jpg
1106,,https://sun9-54.userapi.com/c858136/v858136315/1133a7/YQdmZha0tp8.jpg
1475,,https://sun9-69.userapi.com/c856136/v856136887/183099/1PN00U6glzo.jpg
580,,https://sun9-127.userapi.com/c856132/v856132618/194ffd/7fmTnb3KjHQ.jpg
1588,"–ü–æ—Å–ª–µ–¥–Ω–µ–µ –≤—Ä–µ–º—è –º–æ—è –ë–ï–î–ê - –º–æ–≥—É –∑–∞—Å–∏–¥–µ—Ç—å—Å—è –∑–∞ –Ω–æ—É—Ç–±—É–∫–æ–º –∏ –ø—Ä–æ–∑–µ–≤–∞—Ç—å –æ–∫–æ–Ω—á–∞–Ω–∏–µ –≤—Ä–µ–º–µ–Ω–∏ –ø—Ä–∏–≥–æ—Ç–æ–≤–ª–µ–Ω–∏—è....—Ç—ã—Ä—ã–º-–ø—ã—Ä—ã–º...
–ê –∏—Ç–æ–≥–∏ –º–æ–∂–µ—Ç–µ –ø–æ—Å–º–æ—Ç—Ä–µ—Ç—å –≤ –≥—Ä—É–ø–ø–µ [club164215316|–Ø–ü... vk.com/ja_prigotovil]",https://sun9-32.userapi.com/c856128/v856128334/1995b4/cd99JPIjq0Y.jpg
598,,https://sun9-59.userapi.com/c635104/v635104948/4b724/6llRH553PdI.jpg
742,,https://sun9-37.userapi.com/c855020/v855020141/199893/MlVS2juC1UI.jpg
777,,https://sun9-18.userapi.com/c857524/v857524989/114484/fARtacWlxsQ.jpg
1652,,https://sun9-47.userapi.com/c857232/v857232634/7e5ea/OkS6VjsDJHo.jpg
657,—É—Å—Ç–∞–ª —Ä–∞–±–æ—Ç–∞—Ç—å,https://sun9-33.userapi.com/c857524/v857524303/11613e/hNiQpW9NCS0.jpg
706,,https://sun9-57.userapi.com/c856036/v856036747/196433/wtuG_N_Zmvw.jpg
700,–ª—é–¥–∏ - –∫–æ–∑–ª—ã,https://sun9-31.userapi.com/c200416/v200416049/88f1/QOk84IkFH6A.jpg
1018,,https://sun9-53.userapi.com/c205728/v205728605/8a16/fhyZG77l8Lc.jpg
679,,https://sun9-54.userapi.com/c205824/v205824039/7fae/XSJ6FFZ7DBA.jpg
1230,,https://sun9-33.userapi.com/c857624/v857624585/11e44b/Nb_aiUqrIt4.jpg
1004,,https://sun9-55.userapi.com/c855724/v855724095/19b267/OG03syujN9I.jpg
2971,,https://sun9-22.userapi.com/c200716/v200716270/81d6/siS9nBbH9mM.jpg
884,,https://sun9-5.userapi.com/c855332/v855332214/19a98b/1z2rxJNCA08.jpg
1687,–∞–ª–ª–æ,https://sun9-61.userapi.com/c205124/v205124294/7ebd/ToY_Q5u9Wyk.jpg
561,,https://sun9-28.userapi.com/c858036/v858036157/11569e/zudSA9RdULo.jpg
631,,https://sun9-22.userapi.com/c855324/v855324836/19f5e1/3HWF_mCilVs.jpg
1386,,https://sun9-57.userapi.com/c854328/v854328566/18ca4f/q0BsceMM8KY.jpg
1182,,https://sun9-48.userapi.com/c855520/v855520081/193ddb/vrZChexI4u8.jpg
1071,,https://sun9-57.userapi.com/c206828/v206828761/6b64/hqAzRiadIWI.jpg
800,,https://sun9-15.userapi.com/c856036/v856036391/199c31/-tdS-t2DBVs.jpg
320,,https://sun9-26.userapi.com/c205524/v205524709/6909/ufrTYV6DwEI.jpg
1177,–¢—É—Ç –µ—Å—Ç—å –∫—Ç–æ-—Ç–æ –∏–∑ –∫–ª–∞–Ω–∞ –ú–∞–∫–ª–∞—É–¥–æ–≤? –ü–æ–¥—Ä–∞–±–æ—Ç–∫–∞ –Ω—É–∂–Ω–∞?,https://sun9-33.userapi.com/c856020/v856020577/19c71e/XXogGsiA4X8.jpg
950,,https://sun9-17.userapi.com/c855432/v855432791/18cd51/_5nLqU1hQ_U.jpg
959,,https://sun9-33.userapi.com/c205724/v205724214/6bfe/XfAkezhrSN0.jpg
1012,"–ö–∞–∫ –≤—ã —Ç–∞–º, –ù–µ—Ñ—Ç–µ—é–≥–∞–Ω—Ü—ã?",https://sun9-48.userapi.com/c858028/v858028158/11e01a/v6LAAoWsuMk.jpg
656,,https://sun9-14.userapi.com/c857528/v857528180/11f219/XhdrYuUcl7Y.jpg
1082,,https://sun9-68.userapi.com/c200328/v200328365/6fb1/-9MmlIx97_Y.jpg
872,,https://sun9-9.userapi.com/c857732/v857732323/1175d4/DW7hjYmN03o.jpg
624,,https://sun9-48.userapi.com/c205520/v205520776/6ea7/_v-RIXTNKo8.jpg
662,–ø–æ–∂–µ–ª–∞–ª –æ—Å—Ç–∞—Ç—å—Å—è –∏–Ω–∫–æ–≥–Ω–∏—Ç–æ,https://sun9-56.userapi.com/c205520/v205520776/6e8c/PbsztIl29ic.jpg
1082,,https://sun9-68.userapi.com/c205520/v205520776/6e82/gi5tL43X7-U.jpg
4403,,https://sun9-43.userapi.com/c854016/v854016179/1976a6/rXkEZOy9LKY.jpg
1595,–±–∞—Ä–±–∏ –ø–æ-–Ω–∞—Å—Ç–æ—è—â–µ–º—É —Å–∫–≤–∏—Ä—Ç–∏—Ç,https://sun9-30.userapi.com/c855132/v855132912/19c8a4/Alm9iM1YfUw.jpg
835,,https://sun9-56.userapi.com/c854024/v854024351/19780c/sbf82W-Iuiw.jpg
1709,,https://sun9-15.userapi.com/c853428/v853428290/193d0f/zgqgx99k5Tk.jpg
1834,–∫–æ—à–∫–∞ –ø—ã—Ç–∞–µ—Ç—Å—è –≥–æ–≤–æ—Ä–∏—Ç—å –ø–æ –∏—Ç–∞–ª—å—è–Ω—Å–∫–∏,https://sun9-65.userapi.com/c854528/v854528493/19ab89/Cuzpsf0Mpk4.jpg
749,,https://sun9-15.userapi.com/c857328/v857328612/7befd/AwFHwqdXx4Y.jpg
757,,https://sun9-40.userapi.com/c853420/v853420229/191504/8f3Ggjwalkk.jpg
1146,,https://sun9-6.userapi.com/c635104/v635104626/6ab7b/H1ajnM7a1Z8.jpg
480,,https://sun9-67.userapi.com/c858220/v858220647/1152ce/Q_HosizDYSs.jpg
703,,https://sun9-8.userapi.com/c635104/v635104497/5d572/m9dtY8t0wG0.jpg
1145,,https://sun9-18.userapi.com/c204824/v204824274/54ea/8R9X5vudbpA.jpg
1138,,https://sun9-33.userapi.com/c857224/v857224265/7a83a/FV1Cp30trC4.jpg
1454,,https://sun9-62.userapi.com/c206720/v206720876/4eae/DwfEFOrvitg.jpg
841,,https://sun9-5.userapi.com/c856120/v856120550/18ab6d/xuFbx9fwlgQ.jpg
1212,,https://sun9-25.userapi.com/c855424/v855424967/1997c7/Tr33hIk2fEg.jpg
691,,https://sun9-7.userapi.com/c200728/v200728539/5cb1/lBOfU4jve3c.jpg
726,,https://sun9-44.userapi.com/c855136/v855136727/18fee0/XklD-GbZeXQ.jpg
697,,https://sun9-54.userapi.com/c854532/v854532779/192ddd/yn9rIXm1AmI.jpg
1583,,https://sun9-50.userapi.com/c855224/v855224180/197d65/LE_ifXf9Po4.jpg
723,,https://sun9-23.userapi.com/c200316/v200316912/5aa8/IOd6ONeFyVw.jpg
971,,https://sun9-67.userapi.com/c200720/v200720902/54ec/ePX6BhGSjro.jpg
843,,https://sun9-71.userapi.com/c855124/v855124399/19c05b/fuExbJrIAsQ.jpg
784,,https://sun9-25.userapi.com/c858424/v858424272/1088bc/Fm7XJCcklLE.jpg
1164,,https://sun9-28.userapi.com/c857324/v857324893/7aec2/NUqX5cVzyDw.jpg
1963,,https://sun9-69.userapi.com/c206528/v206528117/5613/U1vIe54KiuI.jpg
959,,https://sun9-40.userapi.com/c857532/v857532165/115bb0/KOTK9WHzrZ4.jpg
1387,,https://sun9-60.userapi.com/c857532/v857532989/114f2c/hwLZRfIT4wQ.jpg
1546,,https://sun9-34.userapi.com/c205528/v205528473/52d0/y4HImygjwT8.jpg
1551,,https://sun9-61.userapi.com/c206520/v206520315/4d35/lQJsd8K0AgQ.jpg
770,,https://sun9-27.userapi.com/c855224/v855224685/193f13/KhJyNb1n0J4.jpg
904,,https://sun9-18.userapi.com/c854320/v854320646/191662/yqEADkB1XXU.jpg
571,,https://sun9-127.userapi.com/c857224/v857224016/7c155/vP_WFI7oAP0.jpg
1050,,https://sun9-62.userapi.com/c635104/v635104696/61b82/bPvOe3ScnWE.jpg
1322,,https://sun9-37.userapi.com/c200824/v200824807/2ac3/VRPe5UkDwQ4.jpg
678,,https://sun9-47.userapi.com/c200816/v200816706/28cc/BcZ9o-vZoV0.jpg
498,,https://sun9-27.userapi.com/c857628/v857628250/11840c/5PyIt-xgxP0.jpg
689,,https://sun9-72.userapi.com/c854016/v854016924/19c4d5/xpYkZD_dKl8.jpg
1502,,https://sun9-2.userapi.com/c200724/v200724808/3e65/UvDuYztaFVs.jpg
754,–∞–≥—Ä–µ—Å—Å–∏–≤–Ω–æ–µ –∂–∏–≤–æ—Ç–Ω–æ–µ,https://sun9-27.userapi.com/c205820/v205820442/3e7b/Ad5qWKLR-DU.jpg
1463,,https://sun9-64.userapi.com/c857428/v857428550/118766/YEJiH1wx9CM.jpg
845,,https://sun9-16.userapi.com/c855720/v855720101/19a729/sg67fhgLAIE.jpg
794,—É–≤–∞–∂–∞–π—Ç–µ –¥—Ä—É–≥ –¥—Ä—É–≥–∞ –Ω–∞ –¥–æ—Ä–æ–≥–µ,https://sun9-32.userapi.com/c858436/v858436787/10d660/2rEOt1Mu-YI.jpg
1263,,https://sun9-52.userapi.com/c206716/v206716774/3767/rLuna1scrFA.jpg
1817,,https://sun9-62.userapi.com/c858224/v858224768/11eb4a/roX4bTCJvdA.jpg
1131,,https://sun9-70.userapi.com/c858320/v858320696/11c561/xUnpppAbCnQ.jpg
1156,,https://sun9-72.userapi.com/c857324/v857324476/7b2e8/W068jGUzRCI.jpg
1456,,https://sun9-34.userapi.com/c857320/v857320643/789da/Eh03IbhgNzY.jpg
989,,https://sun9-60.userapi.com/c855216/v855216769/1990c3/GsXDZqzHrB4.jpg
581,,https://sun9-42.userapi.com/c205124/v205124317/382e/AFGKUtdBp9Y.jpg
2177,,https://sun9-60.userapi.com/c857224/v857224202/7902c/RWwQBhMDYww.jpg
676,,https://sun9-54.userapi.com/c206816/v206816417/3714/j55dKMLBPe4.jpg
973,,https://sun9-55.userapi.com/c855032/v855032582/1891cb/haPy46fST_E.jpg
1245,,https://sun9-39.userapi.com/c200616/v200616208/21b4/SU41DyCTx9k.jpg
639,,https://sun9-47.userapi.com/c857136/v857136464/7773e/Fkx30q2ptxc.jpg
940,,https://sun9-39.userapi.com/c857720/v857720900/115ba0/nDPQvd54tXw.jpg
354,,https://sun9-30.userapi.com/c858524/v858524233/75152/u6dAtAOStI0.jpg
1367,,https://sun9-71.userapi.com/c635104/v635104497/5d070/o9Lw1BoqhRY.jpg
1642,,https://sun9-51.userapi.com/c200824/v200824073/10e5/WaTqTLlCAm0.jpg
442,,https://sun9-39.userapi.com/c855232/v855232670/18f477/MmjIWbU6dGM.jpg
1310,,https://sun9-12.userapi.com/c855436/v855436058/194eb7/cMCyA3Kx_ZE.jpg
2641,,https://sun9-72.userapi.com/c205828/v205828377/18ee/U4hP5vKiq8E.jpg
1054,"–µ—Å—É—Å, —Ç—ã —Å–ª—ã—à–∏—à—å –º–µ–Ω—è?",https://sun9-12.userapi.com/c855624/v855624781/1909ad/P4bAdoGQbMQ.jpg
456,,https://sun9-28.userapi.com/c855620/v855620697/187e6c/0xK3AivwCuI.jpg
1580,,https://sun9-49.userapi.com/c205828/v205828152/1703/0pITL3c4BnQ.jpg
718,,https://sun9-8.userapi.com/c853624/v853624991/18fe9a/_SzSyolP0jE.jpg
2230,,https://sun9-45.userapi.com/c205620/v205620568/17f5/TE14jTbpxCA.jpg
701,,https://sun9-50.userapi.com/c206628/v206628119/197a/F1bitQSF1A4.jpg
3274,"–Ø–ø–æ–Ω—Å–∫–∏–π –∏–ª–ª—é—Å—Ç—Ä–∞—Ç–æ—Ä –°–∞—Ç–æ—à–∏ –ö–∞–≤–∞—Å–∞–∫–∏ –ø–æ–∫–∞–∑—ã–≤–∞–µ—Ç, –∫–∞–∫ –≤—ã–≥–ª—è–¥–µ–ª–∏ –±—ã –ª—é–¥–∏, –µ—Å–ª–∏ –±—ã —É –Ω–∞—Å –±—ã–ª–∏ —Ä–∞–∑–ª–∏—á–Ω—ã–µ —Å—Ç—Ä—É–∫—Ç—É—Ä—ã –∫–æ—Å—Ç–µ–π –∂–∏–≤–æ—Ç–Ω—ã—Ö",https://sun9-49.userapi.com/c855324/v855324194/197f51/Vf1uXUjyUB4.jpg
1299,,https://sun9-55.userapi.com/c205528/v205528951/1407/GC0ELGsnzGc.jpg
643,,https://sun9-26.userapi.com/c854328/v854328435/18b62a/JN_RO_OsSF4.jpg
698,—è –Ω–µ —Ö–æ—á—É –∂–∏—Ç—å,https://sun9-46.userapi.com/c205328/v205328160/169a/NSNsyUZQI7U.jpg
330,,https://sun9-25.userapi.com/c200428/v200428965/1204/uO4OxYSis_M.jpg
744,,https://sun9-55.userapi.com/c857232/v857232649/78644/_mATaFGSoWs.jpg
871,,https://sun9-51.userapi.com/c204720/v204720237/321/AsOVZjpHMWk.jpg
514,,https://sun9-60.userapi.com/c200524/v200524230/d82/hZSPktI2VMg.jpg
728,,https://sun9-53.userapi.com/c855024/v855024153/199d4e/6q7M3VzNQrw.jpg
2188,,https://sun9-11.userapi.com/c200524/v200524468/10f4/c3CIHFqgT_w.jpg
768,,https://sun9-38.userapi.com/c200520/v200520394/fe7/LZfUMDnb510.jpg
764,,https://sun9-48.userapi.com/c206720/v206720861/d25/cpY-MSS2hFE.jpg
83,,https://sun9-15.userapi.com/c858336/v858336341/11e03f/fp1jYZ1zASw.jpg
1889,,https://sun9-15.userapi.com/c855028/v855028342/193c81/xlumsZk6LOM.jpg
1213,,https://sun9-10.userapi.com/c204616/v204616710/d1f/BhrL7cjNalk.jpg
37,,https://sun9-54.userapi.com/c856124/v856124609/b2e4d/69Sm6WOyx64.jpg
700,,https://sun9-17.userapi.com/c856132/v856132916/18aade/AIpA3Dm08Cg.jpg
555,,https://sun9-17.userapi.com/c856132/v856132916/18aade/AIpA3Dm08Cg.jpg
688,,https://sun9-62.userapi.com/c200516/v200516683/d74/5USfFqKD1po.jpg
780,,https://sun9-44.userapi.com/c857636/v857636999/10ed08/D7ebbky30SM.jpg
1546,,https://sun9-40.userapi.com/c855028/v855028628/196937/A2K7BKWIWgI.jpg
482,,https://sun9-11.userapi.com/c853620/v853620247/19401e/zgm_T7AqfRQ.jpg
771,,https://sun9-2.userapi.com/c205328/v205328751/bfd/m-0g8vxvaXk.jpg
1224,,https://sun9-64.userapi.com/c855436/v855436041/198597/HYSgSm85DzE.jpg
386,,https://sun9-19.userapi.com/c204624/v204624510/1304/nUURxuOop8E.jpg
2281,,https://sun9-13.userapi.com/c857728/v857728831/107963/8s2hNqBu1OE.jpg
579,,https://sun9-61.userapi.com/c854528/v854528439/196a11/_s3DCwNXVhk.jpg
453,,https://sun9-3.userapi.com/c855536/v855536010/192fb0/QIm-4lKZzdI.jpg
642,,https://sun9-127.userapi.com/c858236/v858236073/115f59/AYv9Zm88Img.jpg
1041,,https://sun9-49.userapi.com/c853516/v853516682/19489a/oztumbjVQNM.jpg
817,"–ë–µ–∑–¥–æ–º–Ω—ã–µ, –∏–¥–∏—Ç–µ –¥–æ–º–æ–π",https://sun9-55.userapi.com/c854416/v854416107/195d2f/ySeFduMd9OU.jpg
3266,,https://sun9-45.userapi.com/c857032/v857032477/7494c/sbvxELdkDYM.jpg
774,,https://sun9-13.userapi.com/c857632/v857632223/10fff4/BWui89tGN0o.jpg
446,–£–∫—Ä–∞–¥–∏ –µ–≥–æ –ª—É–∫,https://sun9-29.userapi.com/c858328/v858328416/10f5a9/4dBCWIuwmZM.jpg
437,,https://sun9-6.userapi.com/c857736/v857736010/11b4e0/fPI-dqO-X2k.jpg
1024,,https://sun9-66.userapi.com/c857628/v857628872/1116dd/whbKNQbGWSM.jpg
2832,,https://sun9-43.userapi.com/c857232/v857232208/78193/n2Ht9CC__IQ.jpg
770,,https://sun9-35.userapi.com/c856020/v856020113/18bef0/ZyBFytjtr-A.jpg
353,,https://sun9-8.userapi.com/c854124/v854124840/188945/myLV4Q_buPo.jpg
1477,–Ω–æ–≤—ã–π —Ñ–ª–µ—à–º–æ–±!,https://sun9-72.userapi.com/c858328/v858328416/10f569/U_8q3LFDgNU.jpg
549,,https://sun9-13.userapi.com/c856016/v856016515/18e0eb/qCquL_vunrQ.jpg
974,,https://sun9-47.userapi.com/c855036/v855036431/19230e/UD2pjqIXZH8.jpg
1501,,https://sun9-30.userapi.com/c858016/v858016197/112a6f/h-RtxetMk1M.jpg
948,–∫–æ–≥–¥–∞ –æ–±–∫—É—Ä–∏–ª—Å—è –∏ –≤—ã–∑–≤–∞–ª —Ç–∞–∫—Å–∏,https://sun9-64.userapi.com/c855224/v855224516/192126/1AsgumtT3Bc.jpg
604,,https://sun9-35.userapi.com/c854528/v854528437/192716/KBM58Y0MSJk.jpg
692,,https://sun9-12.userapi.com/c857720/v857720286/11a372/sE9IM1kROBg.jpg
1843,–ï—Å–ª–∏ –∫ –≤–∞–º –ø–æ–¥–æ—à–µ–ª –ø—Ä–æ–¥–∞–≤–µ—Ü –Ω–∞—Ä–∫–æ—Ç–∏–∫–æ–≤ (–∞–ª–∫–æ–≥–æ–ª—è),https://sun9-12.userapi.com/c857328/v857328870/74c8d/eBjbyC70R_4.jpg
911,,https://sun9-27.userapi.com/c857216/v857216383/7155b/EEj2_56HSJQ.jpg
253,,https://sun9-34.userapi.com/c856020/v856020271/19078b/dymexOXTRm4.jpg
762,,https://sun9-47.userapi.com/c857432/v857432301/fb3ce/UO1TSRLziNE.jpg
744,,https://sun9-70.userapi.com/c854328/v854328868/1839ad/JW-44s0f8SI.jpg
1284,,https://sun9-70.userapi.com/c854028/v854028028/197073/n6dU12bw5Mg.jpg
1633,,https://sun9-11.userapi.com/c857724/v857724121/116cbc/Pxm_R7ci7ro.jpg
1200,,https://sun9-41.userapi.com/c856136/v856136805/1747e4/DSSFNtPcwVM.jpg
1045,,https://sun9-5.userapi.com/c854420/v854420940/18a3d7/-t1vizUqga0.jpg
834,,https://sun9-51.userapi.com/c855736/v855736989/19577d/2ojoXK801mk.jpg
1280,,https://sun9-54.userapi.com/c855336/v855336325/1943dc/jDRzYw2GHCs.jpg
890,,https://sun9-38.userapi.com/c858532/v858532836/6da6e/yQ9FYBEhhT0.jpg
1424,,https://sun9-41.userapi.com/c856128/v856128057/189734/hZVwpmJqWh0.jpg
566,,https://sun9-24.userapi.com/c855432/v855432057/184f9b/dExKa61nqsI.jpg
1200,,https://sun9-25.userapi.com/c855224/v855224873/18b5d0/IUEAsEDHEvM.jpg
1718,–≤—Å–µ–º —Ö–æ—Ä–æ—à–µ–π —Ä–∞–±–æ—Ç—ã!,https://sun9-19.userapi.com/c858524/v858524376/76860/Hrp4kytvtQc.jpg
624,,https://sun9-17.userapi.com/c635104/v635104892/5b366/DYf9Bwj6kCU.jpg
1063,,https://sun9-127.userapi.com/c635104/v635104172/61097/ERpIZnhqI2E.jpg
604,,https://sun9-30.userapi.com/c858528/v858528077/70e7b/T7RDBGnmKX4.jpg
640,,https://sun9-51.userapi.com/c855736/v855736534/190a98/nRCXdNuwg7c.jpg
688,,https://sun9-66.userapi.com/c855320/v855320588/1962a9/Kvwko2NaO_M.jpg
825,,https://sun9-24.userapi.com/c855120/v855120853/1938d9/Xce02sY8_3E.jpg
990,,https://sun9-29.userapi.com/c856028/v856028119/13a893/XA_X5Dr4h9Q.jpg
1262,,https://sun9-72.userapi.com/c855524/v855524168/18d2bb/AYUdze2wc70.jpg
770,,https://sun9-9.userapi.com/c857420/v857420690/1095ac/iGmtUGuu0Dk.jpg
683,,https://sun9-24.userapi.com/c855032/v855032127/180ec7/b_E7vL3eJtM.jpg
83,Bomboclaat,https://sun9-24.userapi.com/c855032/v855032127/180ec7/b_E7vL3eJtM.jpg
301,,https://sun9-21.userapi.com/c857436/v857436842/1128e1/umnodb_U5XM.jpg
394,,https://sun9-24.userapi.com/c857436/v857436000/112723/AeNUdZxQ7Ms.jpg
664,,https://sun9-57.userapi.com/c854220/v854220921/1894d9/fVV1gCdm5F8.jpg
970,,https://sun9-2.userapi.com/c858524/v858524815/6f04a/FuWv4fxdxGg.jpg
998,,https://sun9-18.userapi.com/c853624/v853624227/18b2c4/YV-i8FO4eFU.jpg
537,,https://sun9-16.userapi.com/c857728/v857728012/103b07/KdAzYzxGS8c.jpg
1047,–ü–∞–ø–µ—Ä–¥–æ–ª–µ–Ω–Ω—ã–µ –ø—Å—ã,https://sun9-44.userapi.com/c855332/v855332711/18905a/cqZiHgP_X5Q.jpg
2048,,https://sun9-63.userapi.com/c856132/v856132761/18104a/8dlPnp_3B-o.jpg
1216,,https://sun9-34.userapi.com/c857624/v857624092/111d95/jVXgSz125Io.jpg
603,,https://sun9-51.userapi.com/c855032/v855032745/17b687/N2j06Ck_R-c.jpg
1383,–Ω–∞—á–∞–ª–æ —ç–∫–∑–∞–º–µ–Ω–∞ / –æ—Å—Ç–∞–ª–æ—Å—å 5 –º–∏–Ω—É—Ç,https://sun9-20.userapi.com/c858520/v858520169/6cea9/XwEsrBkvx2w.jpg
268,,https://sun9-65.userapi.com/c857624/v857624501/11365b/X67wx9I1BgQ.jpg
747,,https://sun9-72.userapi.com/c857020/v857020501/723ec/Q1hGyHeIRMw.jpg
794,,https://sun9-14.userapi.com/c855332/v855332407/18ee41/RnwPgIdm5rM.jpg
1762,,https://sun9-61.userapi.com/c854120/v854120910/181d24/2dj5mZ3N7nE.jpg
1409,,https://sun9-18.userapi.com/c858528/v858528149/6fcd6/3TrZcNzkEs4.jpg
1174,—Å–ø–∞ –±–∞–±—É,https://sun9-1.userapi.com/c858228/v858228884/106599/k--VliOVvWI.jpg
719,,https://sun9-8.userapi.com/c858236/v858236786/10f89c/Hykd44lsNb0.jpg
1038,,https://sun9-69.userapi.com/c858028/v858028314/10c9f0/aMWKQjOEiME.jpg
690,,https://sun9-43.userapi.com/c853628/v853628074/18005c/yEE7ZnpBgOM.jpg
688,,https://sun9-66.userapi.com/c855232/v855232032/184c32/XUzRfrqFtRA.jpg
217,–ï—Å–ª–∏ —Ç—ã –Ω–µ –≥–æ–ª—É–±–æ–π –Ω–∞—Ä–∏—Å—É–π –≤–∞–≥–æ–Ω –¥—Ä—É–≥–æ–π,https://sun9-43.userapi.com/c857628/v857628034/10e497/sXqKtN_EUx0.jpg
940,,https://sun9-21.userapi.com/c855728/v855728997/18fa9e/39gpWegOkpI.jpg
656,–ø—Ä–æ—Å—Ç–æ —Ä—ã–±–∞ –ø–ª—ã–≤—ë—Ç,https://sun9-63.userapi.com/c857720/v857720603/10cc6a/GwpplCeETNA.jpg
1111,,https://sun9-48.userapi.com/c855524/v855524390/1872da/4THNjCb2HqI.jpg
461,"–Ø —Ç–æ–ª—å–∫–æ —á—Ç–æ –ø–æ–Ω—è–ª, —á—Ç–æ –∂–∏–≤–æ—Ç–Ω—ã–µ –Ω–µ –∑–Ω–∞—é—Ç –∫–∞–∫ –æ–Ω–∏ –≤—ã–≥–ª—è–¥—è—Ç.",https://sun9-48.userapi.com/c855524/v855524390/1872da/4THNjCb2HqI.jpg
1200,,https://sun9-35.userapi.com/c856132/v856132168/1809b2/OEfd5oEOAOk.jpg
488,"–¥–µ—Ç—Å–∫–∏–π –∞–≤—Ç–æ–º–∞—Ç, –∫–æ—Ç–æ—Ä—ã–π –º—ã –∑–∞—Å–ª—É–∂–∏–ª–∏",https://sun9-58.userapi.com/c856132/v856132556/186407/khlfpuREmDw.jpg
1228,,https://sun9-17.userapi.com/c855420/v855420936/181ff3/HSK1u6e9VNo.jpg
775,,https://sun9-47.userapi.com/c857424/v857424771/10d6c8/d4gp2qcZjiM.jpg
317,,https://sun9-33.userapi.com/c858324/v858324632/10d194/X8IK7u8mGgA.jpg
1048,,https://sun9-27.userapi.com/c857132/v857132908/6af08/9sAAGdfJssA.jpg
685,,https://sun9-9.userapi.com/c855632/v855632017/189480/H8_YK3zVBCM.jpg
1344,–∫–∞–∫ —Ö–æ–¥—è—Ç –∑–∞ –ø—Ä–æ–¥—É–∫—Ç–∞–º–∏ –≤ –†—è–∑–∞–Ω–∏,https://sun9-32.userapi.com/c855728/v855728910/18c856/B2RK0WAb9LQ.jpg
779,,https://sun9-9.userapi.com/c858524/v858524875/6ad23/dbH0LdW8M2A.jpg
862,,https://sun9-68.userapi.com/c855532/v855532414/18f93b/759RB7dz4eI.jpg
586,–æ–±—ã—á–Ω–∞—è –¥–µ—Ç—Å–∫–∞—è –ø–ª–æ—â–∞–¥–∫–∞ –≤ –û–º—Å–∫–µ,https://sun9-6.userapi.com/c858528/v858528624/6b476/nqtbKzLPcO0.jpg
970,,https://sun9-66.userapi.com/c857624/v857624094/110bd4/SMjRt1MdKqY.jpg
1262,–Ω–∞–¥–æ –±—Ä–∞—Ç—å,https://sun9-16.userapi.com/c857028/v857028782/6dc79/n6PMpgRqKfE.jpg
412,,https://sun9-65.userapi.com/c855528/v855528545/1812af/lO21j8hgOJA.jpg
452,,https://sun9-7.userapi.com/c853516/v853516425/18e269/_zXDTHTDq3w.jpg
377,,https://sun9-28.userapi.com/c853516/v853516502/18786d/UdYkKwkMTvs.jpg
1373,,https://sun9-61.userapi.com/c855528/v855528638/184a0f/3h6CkuUzE1o.jpg
510,,https://sun9-52.userapi.com/c855636/v855636770/18d830/ozx4BPamfxs.jpg
850,,https://sun9-33.userapi.com/c857224/v857224003/6e30e/cMPxNbt1GV4.jpg
685,,https://sun9-72.userapi.com/c853520/v853520146/186a63/jMaV_0-bL8k.jpg
730,,https://sun9-45.userapi.com/c857532/v857532004/108f05/k2pM1aCPDIs.jpg
706,,https://sun9-36.userapi.com/c858328/v858328649/fe116/YrgbXMg5RkQ.jpg
678,–ø–æ–∂–∞—Ä—å –º–µ–Ω—è,https://sun9-13.userapi.com/c856124/v856124346/18a485/Y0yoNdoDFOk.jpg
1124,,https://sun9-56.userapi.com/c856032/v856032257/188235/NcQD_4zSTIQ.jpg
2814,"¬´–ï—Å–µ–Ω–∏–Ω –∏ –¢—Ä–∏—Ü–µ—Ä–∞—Ç–æ–ø—Å —É –æ–∑–µ—Ä–∞¬ª
(–•–æ–ª—Å—Ç, –º–∞—Å–ª–æ, –≥–∞–ª–æ–ø–µ—Ä–∏–¥–æ–ª)",https://sun9-72.userapi.com/c857328/v857328427/6f279/IJ59286kBKk.jpg
418,,https://sun9-68.userapi.com/c854120/v854120836/17da26/8UZAGpaVosg.jpg
725,"–ì–æ—Å–ø–æ–¥–∏, –¥–∞–π –º–Ω–µ –∑–Ω–∞–∫",https://sun9-67.userapi.com/c854120/v854120146/17fa75/x47POC2PRao.jpg
1286,,https://sun9-62.userapi.com/c855336/v855336224/18d765/bvHYpGxtMAY.jpg
602,,https://sun9-34.userapi.com/c855216/v855216481/18b278/6pT6ERD2IRo.jpg
463,,https://sun9-68.userapi.com/c635104/v635104176/88259/hzMBJd6NX5o.jpg
456,–¢—Ä–æ–ª–ª–µ–π–±—É—Å –°–ø–±...,https://sun9-68.userapi.com/c635104/v635104176/88259/hzMBJd6NX5o.jpg
578,,https://sun9-44.userapi.com/c857628/v857628820/10ba0e/g7mg-qsLUSM.jpg
133,,https://sun9-44.userapi.com/c857628/v857628820/10ba0e/g7mg-qsLUSM.jpg
2094,–ø–µ—Å —Å–≤–æ–ª–æ—á—å,https://sun9-38.userapi.com/c853524/v853524721/18ea52/QmYdvFgbczA.jpg
786,,https://sun9-20.userapi.com/c858036/v858036034/101226/meFdE3PbxsA.jpg
1262,,https://sun9-6.userapi.com/c853528/v853528210/18c5e8/McJfhIOIH-4.jpg
1458,,https://sun9-38.userapi.com/c857232/v857232833/6a82d/NUGw7S4Om_8.jpg
414,,https://sun9-61.userapi.com/c854528/v854528860/184876/7_MG03klJWw.jpg
547,,https://sun9-52.userapi.com/c854020/v854020860/188722/zV8ljFh-HR0.jpg
991,,https://sun9-54.userapi.com/c858216/v858216860/10abbd/xCFYktnMoDM.jpg
498,,https://sun9-19.userapi.com/c858216/v858216860/10ab9d/11wwDYHMWdc.jpg
1081,,https://sun9-32.userapi.com/c858216/v858216860/10abb6/jH99iDIY-d4.jpg
1846,,https://sun9-41.userapi.com/c855436/v855436251/183054/-GBqv77gBrY.jpg
1359,,https://sun9-14.userapi.com/c858216/v858216860/10abae/UkTSxWovZf0.jpg
1105,,https://sun9-49.userapi.com/c858216/v858216860/10aba5/H98gJzTyDag.jpg
959,,https://sun9-127.userapi.com/c858216/v858216860/10ab95/k65kMJKe23k.jpg
223,,https://sun9-1.userapi.com/c858216/v858216860/10ab8e/nrAJzuUS6aY.jpg
593,,https://sun9-3.userapi.com/c858216/v858216860/10ab86/xHx5mZhjuuY.jpg
813,,https://sun9-25.userapi.com/c858216/v858216860/10ab7d/EArpN6ZsvPo.jpg
800,,https://sun9-55.userapi.com/c858216/v858216860/10ab74/8lpwosrsdS4.jpg
736,,https://sun9-51.userapi.com/c858216/v858216860/10ab6d/CmK5oPqvLUI.jpg
1341,,https://sun9-29.userapi.com/c858216/v858216860/10ab65/BDijVuP_VPU.jpg
730,,https://sun9-29.userapi.com/c858216/v858216860/10ab65/BDijVuP_VPU.jpg
483,–æ–±—ã—á–Ω—ã–π —Ñ—É—Ç–±–æ–ª—å–Ω—ã–π –º—è—á –≤ 1995,https://sun9-39.userapi.com/c855524/v855524558/188c49/Y97U1PM8Ebk.jpg
1697,,https://sun9-45.userapi.com/c858120/v858120983/10c54a/gg0wnt89pXE.jpg
1663,,https://sun9-53.userapi.com/c854528/v854528574/18589e/pe253lyHbYE.jpg
614,,https://sun9-68.userapi.com/c858016/v858016306/10dc30/YtSGO4I_qtg.jpg
1006,,https://sun9-45.userapi.com/c858532/v858532360/65e09/UV73_Z5hRj4.jpg
656,,https://sun9-66.userapi.com/c857724/v857724450/10a953/UoYQtcuQv-4.jpg
704,–º–æ–µ —Ç–∏–ø–∏—á–Ω–æ–µ —É—Ç—Ä–æ,https://sun9-23.userapi.com/c855336/v855336697/1842d1/HwojHd66z1M.jpg
1113,,https://sun9-34.userapi.com/c855432/v855432475/17c790/YwW5i44WULY.jpg
965,,https://sun9-57.userapi.com/c857428/v857428718/102875/INXq7zfIUf0.jpg
212,,https://sun9-57.userapi.com/c857428/v857428718/102875/INXq7zfIUf0.jpg
858,,https://sun9-26.userapi.com/c857428/v857428718/10286c/0W38uco1eiY.jpg
667,,https://sun9-66.userapi.com/c857428/v857428718/102864/i5vkC36ebl0.jpg
736,,https://sun9-5.userapi.com/c857428/v857428718/10285b/Og8sWbelKXs.jpg
862,,https://sun9-67.userapi.com/c857428/v857428718/102852/u42dPGIH58w.jpg
521,,https://sun9-60.userapi.com/c857428/v857428718/102849/mIsYJ5Ds9BE.jpg
888,,https://sun9-15.userapi.com/c857328/v857328715/67f39/Q0V5Y3Ckscw.jpg
455,,https://sun9-26.userapi.com/c857632/v857632431/1059b6/zeS15ZvBI6I.jpg
1490,,https://sun9-21.userapi.com/c855028/v855028546/1844cd/uFaTtfgWIL8.jpg
1046,,https://sun9-29.userapi.com/c855720/v855720434/183b41/GX3UzOPNnNk.jpg
1509,"- –º–∞–º–∞, –¥–∞–≤–∞–π –∫—É–ø–∏–º —Å—É—à–∏.
- —É –Ω–∞—Å –¥–æ–º–∞ –µ—Å—Ç—å —Å—É—à–∏.
—Å—É—à–∏ –¥–æ–º–∞:",https://sun9-22.userapi.com/c857724/v857724641/108d37/tc01k_9_yUc.jpg
887,,https://sun9-26.userapi.com/c855528/v855528875/185141/qvysZNp5tHU.jpg
588,,https://sun9-35.userapi.com/c854324/v854324216/187cd3/jVSjSbsi9dw.jpg
1009,"–ü—Ä–æ–∏—Å—Ö–æ–¥–∏—Ç —Ç–æ–ª—å–∫–æ —Ç–æ, —á—Ç–æ –¥–æ–ª–∂–Ω–æ –ø—Ä–æ–∏—Å—Ö–æ–¥–∏—Ç—å. –í—Å–µ –Ω–∞—á–∏–Ω–∞–µ—Ç—Å—è –≤–æ–≤—Ä–µ–º—è. –ò –∑–∞–∫–∞–Ω—á–∏–≤–∞–µ—Ç—Å—è —Ç–æ–∂–µ.

–§.–ú. –î–æ—Å—Ç–æ–µ–≤—Å–∫–∏–π",https://sun9-3.userapi.com/c854224/v854224578/185949/Nx2FLWboKOg.jpg
781,,https://sun9-35.userapi.com/c855020/v855020933/183fd1/PXeGKTSpAjE.jpg
628,,https://sun9-27.userapi.com/c857520/v857520251/106e81/AyJuFgcelVY.jpg
1724,,https://sun9-41.userapi.com/c857428/v857428714/107dd4/w37QRe3sadk.jpg
740,,https://sun9-48.userapi.com/c855532/v855532060/1844b9/C5K7UL6rvuA.jpg
682,–∂–¥–µ–º –∑–∞—Ä–ø–ª–∞—Ç—É,https://sun9-4.userapi.com/c857228/v857228958/647cd/pPOIn9O-Zl4.jpg
570,,https://sun9-43.userapi.com/c857628/v857628612/108db1/fBSK_U5wJbs.jpg
752,,https://sun9-56.userapi.com/c858424/v858424366/10170d/G8VbIjYIzeU.jpg
697,,https://sun9-39.userapi.com/c857032/v857032411/65f9c/T0Mjur4Tql0.jpg
1116,,https://sun9-12.userapi.com/c854216/v854216630/181bdb/rpdBfISECZo.jpg
337,,https://sun9-63.userapi.com/c853528/v853528873/186a6e/ne3fH-oqKsY.jpg
779,,https://sun9-19.userapi.com/c855420/v855420171/177504/MY3GpCGI5no.jpg
1313,,https://sun9-65.userapi.com/c857416/v857416591/1083c6/-Czk2TU8Dpc.jpg
671,,https://sun9-59.userapi.com/c855736/v855736150/17fd86/9kcCsFf_k6U.jpg
1269,,https://sun9-36.userapi.com/c858324/v858324298/1024f7/bExRUU2SznA.jpg
661,,https://sun9-24.userapi.com/c858336/v858336096/10a264/L5VOJVsdqzc.jpg
2226,"–î–µ—Ä–∂–∏—Ç–µ—Å—å –ø–æ–¥–∞–ª—å—à–µ, –ø–∞—Ä–Ω–∏ - —ç—Ç–æ –º–æ–π –æ—Ç–µ—Ü",https://sun9-64.userapi.com/c857336/v857336021/653fc/XhgxMYVurck.jpg
447,,https://sun9-17.userapi.com/c858320/v858320020/106254/cUcG43WdMH4.jpg
1049,,https://sun9-20.userapi.com/c857620/v857620952/105fab/qLc25mbKSrU.jpg
656,,https://sun9-8.userapi.com/c855236/v855236450/18279c/wnJ0fTu7nPw.jpg
862,,https://sun9-12.userapi.com/c855728/v855728414/188591/nx6zepohYSo.jpg
892,,https://sun9-8.userapi.com/c853628/v853628210/171f5f/E6CGAI06U4A.jpg
581,,https://sun9-16.userapi.com/c855132/v855132167/1813ba/IbIJ7VgJrpw.jpg
633,,https://sun9-70.userapi.com/c856020/v856020979/1887bc/iFLSNQGtYg8.jpg
488,,https://sun9-51.userapi.com/c857532/v857532073/fdc2b/FePxKFXiEMg.jpg
773,,https://sun9-9.userapi.com/c855136/v855136688/177281/irgJcPyWUPk.jpg
543,"–û—Ç–≤–µ—Ç –Ω–∞ –≥–ª–∞–≤–Ω—ã–π –≤–æ–ø—Ä–æ—Å –∂–∏–∑–Ω–∏, –≤—Å–µ–ª–µ–Ω–Ω–æ–π –∏ –≤—Å–µ–≥–æ —Ç–∞–∫–æ–≥–æ",https://sun9-70.userapi.com/c857536/v857536182/10611e/j0R62QDFlBg.jpg
46,,https://sun9-70.userapi.com/c857536/v857536182/10611e/j0R62QDFlBg.jpg
780,,https://sun9-2.userapi.com/c857436/v857436145/104ebf/5SXOQ180_sA.jpg
1334,,https://sun9-40.userapi.com/c857416/v857416564/1044d0/uwRe2FxldQg.jpg
826,,https://sun9-2.userapi.com/c857628/v857628304/1008ea/Fyhw2yoi_98.jpg
674,,https://sun9-22.userapi.com/c857324/v857324719/679b0/9JYkG_I_CAA.jpg
546,,https://sun9-62.userapi.com/c855520/v855520630/182da0/hQ-z7NoJGig.jpg
1540,,https://sun9-34.userapi.com/c857732/v857732927/fbaea/-T6DQxc7VHw.jpg
765,–ø–æ—Ö–æ–∂–µ –Ω–∞ –º–æ–π –¥–∏–ø–ª–æ–º,https://sun9-32.userapi.com/c857636/v857636866/ffa0e/kLFg8pAReS8.jpg
309,,https://sun9-39.userapi.com/c857720/v857720762/1071aa/cTt34zvx0bo.jpg
604,,https://sun9-26.userapi.com/c854228/v854228486/181f0c/AjCiDWVvgwQ.jpg
1049,,https://sun9-5.userapi.com/c855732/v855732603/17d78a/thEHayaS-d8.jpg
410,,https://sun9-54.userapi.com/c857636/v857636964/fac4c/e4pkJE3zsJo.jpg
508,,https://sun9-6.userapi.com/c858236/v858236302/104470/r9HFlvOFBYo.jpg
682,,https://sun9-29.userapi.com/c858120/v858120219/104559/ID8H8gIRYCY.jpg
650,,https://sun9-16.userapi.com/c856024/v856024584/185055/WmiLKPgIYCQ.jpg
844,,https://sun9-52.userapi.com/c855736/v855736065/182ce7/2vPl6a5JV0w.jpg
117,–∫–∞–∫–∞—è –º—É–∑—ã–∫–∞ –∑–≤—É—á–∏—Ç –≤ —Ä–∞—é?,https://sun9-52.userapi.com/c855736/v855736065/182ce7/2vPl6a5JV0w.jpg
410,,https://sun9-26.userapi.com/c853516/v853516689/18d4eb/i86XCJofIlA.jpg
620,,https://sun9-9.userapi.com/c854120/v854120241/17928f/R7ywVGOIUtY.jpg
1249,,https://sun9-32.userapi.com/c857428/v857428418/102c10/MfmR6LPc1Go.jpg
628,,https://sun9-48.userapi.com/c853628/v853628833/16d4bb/s1KAhhE37as.jpg
823,,https://sun9-69.userapi.com/c858424/v858424415/fd1f6/AP1Dnxd2bo8.jpg
805,,https://sun9-72.userapi.com/c858524/v858524854/638e2/7V1Db5TTjGM.jpg
1182,,https://sun9-65.userapi.com/c854128/v854128879/181462/vgEGhmYMrto.jpg
779,,https://sun9-17.userapi.com/c857416/v857416749/104ee6/PCCjMjyysCs.jpg
526,,https://sun9-48.userapi.com/c855424/v855424598/17eb96/oC00pdrr_I4.jpg
859,,https://sun9-32.userapi.com/c857228/v857228117/61b90/ObbEP8mJw0w.jpg
1365,,https://sun9-5.userapi.com/c858428/v858428753/1028de/BscZwQ0kkKI.jpg
842,,https://sun9-57.userapi.com/c857020/v857020302/617ca/L2ay-048DqI.jpg
777,,https://sun9-3.userapi.com/c857432/v857432121/f0458/zo0orw0ISIs.jpg
1016,,https://sun9-66.userapi.com/c855732/v855732931/17fcae/Xop-yTXPS2c.jpg
1063,,https://sun9-67.userapi.com/c857132/v857132058/5fcdf/aVaNxhMaW2Q.jpg
